company_id,line_id,from_station_id,to_station_id,from_lat,from_lon,to_lat,to_lon
3,102,8576,7551,35.170451,136.881095,35.148884,136.852101
3,102,7551,9235,35.148884,136.852101,35.143242,136.813599
3,102,9235,1181,35.143242,136.813599,35.14208,136.793661
3,102,1181,669,35.14208,136.793661,35.132859,136.764415
3,102,669,8759,35.132859,136.764415,35.113865999999994,136.72536200000002
3,102,8759,6253,35.113865999999994,136.72536200000002,35.098222,136.69558899999998
3,102,6253,1995,35.098222,136.69558899999998,35.066744,136.68351299999998
3,102,1995,6178,35.066744,136.68351299999998,35.033673,136.658094
3,102,6178,7895,35.033673,136.658094,35.007954,136.653179
3,102,7895,7898,35.007954,136.653179,34.996621000000005,136.650124
3,102,7898,3191,34.996621000000005,136.650124,34.962819,136.630154
3,102,3191,7091,34.962819,136.630154,34.941682,136.60974
3,102,7091,1063,34.941682,136.60974,34.910665,136.598516
3,102,1063,1056,34.910665,136.598516,34.897991,136.567968
3,102,1056,1019,34.897991,136.567968,34.890408,136.529971
3,102,1019,430,34.890408,136.529971,34.868187,136.492559
3,102,430,1526,34.868187,136.492559,34.849994,136.450591
3,109,8576,1879,35.170451,136.881095,35.142944,136.901208
3,109,1879,6397,35.142944,136.901208,35.157089,136.918146
3,109,6397,5141,35.157089,136.918146,35.171162,136.931105
3,109,5141,5676,35.171162,136.931105,35.18915300000001,136.937219
3,109,5676,4249,35.18915300000001,136.937219,35.20616,136.950229
3,109,4249,3636,35.20616,136.950229,35.229908,136.956402
3,109,3636,3584,35.229908,136.956402,35.243068,136.985139
3,109,3584,4481,35.243068,136.985139,35.25651699999999,137.0105
3,109,4481,2594,35.25651699999999,137.0105,35.264453,137.043276
3,109,2594,6401,35.264453,137.043276,35.277905,137.080798
3,109,6401,2156,35.277905,137.080798,35.303792,137.10165700000002
3,109,2156,5452,35.303792,137.10165700000002,35.33487299999999,137.120071
3,109,5452,6562,35.33487299999999,137.120071,35.35987100000001,137.182287
3,109,6562,4584,35.35987100000001,137.182287,35.369039,137.252003
3,109,4584,1280,35.369039,137.252003,35.411313,137.30533
3,109,1280,7978,35.411313,137.30533,35.437922,137.354491
3,109,7978,2024,35.437922,137.354491,35.455083,137.40758799999998
3,109,2024,7775,35.455083,137.40758799999998,35.479413,137.449597
3,109,7775,6099,35.479413,137.449597,35.500141,137.502809
3,109,6099,8913,35.500141,137.502809,35.525139,137.530306
3,109,8913,2843,35.525139,137.530306,35.574022,137.531137
3,109,2843,6517,35.574022,137.531137,35.588188,137.548996
3,109,6517,7171,35.588188,137.548996,35.599021,137.60863
3,109,7171,3531,35.599021,137.60863,35.645238,137.617433
3,109,3531,8724,35.645238,137.617433,35.672846,137.63604099999998
3,109,8724,5576,35.672846,137.63604099999998,35.684013,137.664177
3,109,5576,4524,35.684013,137.664177,35.697623,137.695008
3,109,4524,5355,35.697623,137.695008,35.732898,137.714727
3,109,5355,3972,35.732898,137.714727,35.784085,137.693309
3,109,3972,8661,35.784085,137.693309,35.843718,137.69333500000002
3,109,8661,2140,35.843718,137.69333500000002,35.87138200000001,137.741691
3,109,2140,1633,35.87138200000001,137.741691,35.888186,137.763744
3,109,1633,9177,35.888186,137.763744,35.930099,137.784435
3,109,9177,7004,35.930099,137.784435,35.96934500000001,137.81593
3,109,7004,8662,35.96934500000001,137.81593,35.979123,137.832651
3,109,8662,9182,35.979123,137.832651,36.013842,137.860841
3,109,9182,7272,36.013842,137.860841,36.049116,137.894838
3,109,7272,5278,36.049116,137.894838,36.087029,137.91664
3,109,5278,784,36.087029,137.91664,36.114804,137.947747
3,110,6668,7825,35.680805,139.767798,35.628062,139.7389
3,110,7825,4179,35.628062,139.7389,35.507249,139.617399
3,110,4179,3742,35.507249,139.617399,35.256242,139.154683
3,110,3742,7326,35.256242,139.154683,35.103655,139.077843
3,110,7326,3056,35.103655,139.077843,35.126749,138.910079
3,110,3056,4358,35.126749,138.910079,35.142099,138.663389
3,110,4358,4995,35.142099,138.663389,34.97179000000001,138.389603
3,110,4995,1232,34.97179000000001,138.389603,34.769293,138.015197
3,110,1232,7841,34.769293,138.015197,34.703786,137.735276
3,110,7841,8206,34.703786,137.735276,34.762822,137.381075
3,110,8206,2968,34.762822,137.381075,34.970308,137.061377
3,110,2968,8576,34.970308,137.061377,35.170451,136.881095
3,110,8576,1468,35.170451,136.881095,35.315697,136.685665
3,110,1468,8117,35.315697,136.685665,35.314791,136.289435
3,110,8117,1756,35.314791,136.289435,34.985233,135.758513
3,110,1756,4305,34.985233,135.758513,34.733406,135.499952
3,112,7326,7489,35.104085999999995,139.07775700000002,35.10875,138.971031
3,112,7489,3056,35.10875,138.971031,35.126749,138.910079
3,112,3056,3887,35.126749,138.910079,35.103081,138.85954099999998
3,112,3887,8151,35.103081,138.85954099999998,35.118217,138.81921
3,112,8151,2124,35.118217,138.81921,35.124827,138.793489
3,112,2124,6800,35.124827,138.793489,35.136213,138.745494
3,112,6800,1552,35.136213,138.745494,35.143768,138.703079
3,112,1552,7876,35.143768,138.703079,35.151321,138.652168
3,112,7876,7890,35.151321,138.652168,35.141154,138.618616
3,112,7890,4195,35.141154,138.618616,35.119322,138.60789499999998
3,112,4195,1271,35.119322,138.60789499999998,35.114044,138.58287
3,112,1271,8862,35.114044,138.58287,35.097101,138.55273400000002
3,112,8862,1782,35.097101,138.55273400000002,35.052578999999994,138.522044
3,112,1782,4661,35.052578999999994,138.522044,35.023358,138.48893600000002
3,112,4661,5410,35.023358,138.48893600000002,35.002331,138.44111
3,112,5410,6758,35.002331,138.44111,34.984033000000004,138.412751
3,112,6758,4995,34.984033000000004,138.412751,34.97179000000001,138.389603
3,112,4995,290,34.97179000000001,138.389603,34.94117,138.36408899999998
3,112,290,8890,34.94117,138.36408899999998,34.922488,138.359842
3,112,8890,3897,34.922488,138.359842,34.872177,138.318596
3,112,3897,4806,34.872177,138.318596,34.859955,138.285544
3,112,4806,6937,34.859955,138.285544,34.849678000000004,138.252769
3,112,6937,9085,34.849678000000004,138.252769,34.836584,138.204271
3,112,9085,6626,34.836584,138.204271,34.830065999999995,138.173498
3,112,6626,1892,34.830065999999995,138.173498,34.819044,138.12551100000002
3,112,1892,1541,34.819044,138.12551100000002,34.761877,138.085925
3,112,1541,1232,34.761877,138.085925,34.769293,138.015197
3,112,1232,9230,34.769293,138.015197,34.75209,137.961095
3,112,9230,5500,34.75209,137.961095,34.741347999999995,137.92613400000002
3,112,5500,9771,34.741347999999995,137.92613400000002,34.717967,137.88489099999998
3,112,9771,7643,34.717967,137.88489099999998,34.710239,137.852253
3,112,7643,8243,34.710239,137.852253,34.712182,137.819756
3,112,8243,6449,34.712182,137.819756,34.716903,137.779369
3,112,6449,7841,34.716903,137.779369,34.703786,137.735276
3,112,7841,2606,34.703786,137.735276,34.690486,137.68149
3,112,2606,7983,34.690486,137.68149,34.685596000000004,137.62644
3,112,7983,8156,34.685596000000004,137.62644,34.690096000000004,137.603025
3,112,8156,4209,34.690096000000004,137.603025,34.694205,137.568888
3,112,4209,9139,34.694205,137.568888,34.71673,137.546168
3,112,9139,4258,34.71673,137.546168,34.72325,137.484199
3,112,4258,7209,34.72325,137.484199,34.725783,137.438954
3,112,7209,8206,34.725783,137.438954,34.762822,137.381075
3,112,8206,4799,34.762822,137.381075,34.797133,137.35257099999998
3,112,4799,193,34.797133,137.35257099999998,34.812464,137.316573
3,112,193,2980,34.812464,137.316573,34.815769,137.28290900000002
3,112,2980,2976,34.815769,137.28290900000002,34.818462,137.2483
3,112,2976,1269,34.818462,137.2483,34.822712,137.22736799999998
3,112,1269,2971,34.822712,137.22736799999998,34.825488,137.201471
3,112,2971,2945,34.825488,137.201471,34.836319,137.176751
3,112,2945,2378,34.836319,137.176751,34.859594,137.16458400000002
3,112,2378,9613,34.859594,137.16458400000002,34.887535,137.16038899999998
3,112,9613,856,34.887535,137.16038899999998,34.925303,137.157263
3,112,856,4724,34.925303,137.157263,34.946639000000005,137.122945
3,112,4724,270,34.946639000000005,137.122945,34.96047,137.086476
3,112,270,2968,34.96047,137.086476,34.970308,137.061377
3,112,2968,6659,34.970308,137.061377,34.977466,137.04367299999998
3,112,6659,9496,34.977466,137.04367299999998,34.983591,137.027908
3,112,9496,1310,34.983591,137.027908,34.991134,137.008833
3,112,1310,203,34.991134,137.008833,34.998241,136.990566
3,112,203,5747,34.998241,136.990566,35.008794,136.961819
3,112,5747,1765,35.008794,136.961819,35.035402000000005,136.95454099999998
3,112,1765,9555,35.035402000000005,136.95454099999998,35.054928000000004,136.948513
3,112,9555,5596,35.054928000000004,136.948513,35.06912,136.94009599999998
3,112,5596,1237,35.06912,136.94009599999998,35.09495,136.926374
3,112,1237,7327,35.09495,136.926374,35.129723,136.910596
3,112,7327,1879,35.129723,136.910596,35.142944,136.901208
3,112,1879,7739,35.142944,136.901208,35.146609999999995,136.891403
3,112,7739,8576,35.146609999999995,136.891403,35.170451,136.881095
3,112,8576,7745,35.170451,136.881095,35.19964500000001,136.861205
3,112,7745,4658,35.19964500000001,136.861205,35.225572,136.83451599999998
3,112,4658,485,35.225572,136.83451599999998,35.253208,136.820933
3,112,485,7733,35.253208,136.820933,35.301035,136.797822
3,112,7733,8659,35.301035,136.797822,35.348856,136.780987
3,112,8659,1467,35.348856,136.780987,35.409577,136.756489
3,112,1467,4740,35.409577,136.756489,35.404493,136.723159
3,112,4740,8168,35.404493,136.723159,35.396244,136.693995
3,112,8168,5540,35.396244,136.693995,35.367044,136.617851
3,112,5540,4541,35.367044,136.617851,35.36965900000001,136.53128700000002
3,112,4541,1345,35.36965900000001,136.53128700000002,35.36385300000001,136.470709
3,112,1345,7424,35.36385300000001,136.470709,35.344715,136.402466
3,112,7424,1844,35.344715,136.402466,35.359018,136.374024
3,112,1844,4962,35.359018,136.374024,35.32777100000001,136.345305
3,112,4962,8117,35.32777100000001,136.345305,35.314791,136.289435
3,113,8206,5293,34.762822,137.381075,34.775525,137.374153
3,113,5293,970,34.775525,137.374153,34.780885,137.370625
3,113,970,3685,34.780885,137.370625,34.797771999999995,137.363374
3,113,3685,1685,34.797771999999995,137.363374,34.808521,137.381706
3,113,1685,8229,34.808521,137.381706,34.822631,137.397343
3,113,8229,2969,34.822631,137.397343,34.847934,137.414369
3,113,2969,6224,34.847934,137.414369,34.864378,137.431644
3,113,6224,2440,34.864378,137.431644,34.867905,137.441476
3,113,2440,6732,34.867905,137.441476,34.876126,137.45516899999998
3,113,6732,8735,34.876126,137.45516899999998,34.889070000000004,137.477722
3,113,8735,4267,34.889070000000004,137.477722,34.900929999999995,137.49291499999998
3,113,4267,6739,34.900929999999995,137.49291499999998,34.906124,137.502997
3,113,6739,6005,34.906124,137.502997,34.910208000000004,137.514219
3,113,6005,2986,34.910208000000004,137.514219,34.912096000000005,137.527301
3,113,2986,5536,34.912096000000005,137.527301,34.930068,137.549048
3,113,5536,6285,34.930068,137.549048,34.920624,137.551548
3,113,6285,6225,34.920624,137.551548,34.925874,137.564991
3,113,6225,8491,34.925874,137.564991,34.932596000000004,137.57674
3,113,8491,2981,34.932596000000004,137.57674,34.951789,137.602932
3,113,2981,6903,34.951789,137.602932,34.97037,137.61304099999998
3,113,6903,2992,34.97037,137.61304099999998,34.988571,137.62088400000002
3,113,2992,1202,34.988571,137.62088400000002,34.990563,137.644177
3,113,1202,2979,34.990563,137.644177,35.001479,137.664119
3,113,2979,5944,35.001479,137.664119,35.024367,137.703921
3,113,5944,6638,35.024367,137.703921,35.028811,137.713697
3,113,6638,3575,35.028811,137.713697,35.049308,137.744249
3,113,3575,3960,35.049308,137.744249,35.050003000000004,137.752443
3,113,3960,628,35.050003000000004,137.752443,35.056225,137.763692
3,113,628,5364,35.056225,137.763692,35.060502,137.77508
3,113,5364,956,35.060502,137.77508,35.069364,137.786217
3,113,956,6128,35.069364,137.786217,35.085390000000004,137.802799
3,113,6128,2774,35.085390000000004,137.802799,35.09175,137.809742
3,113,2774,5379,35.09175,137.809742,35.114748,137.854182
3,113,5379,4090,35.114748,137.854182,35.131413,137.861986
3,113,4090,2361,35.131413,137.861986,35.154161,137.869457
3,113,2361,4549,35.154161,137.869457,35.163216,137.870651
3,113,4549,5780,35.163216,137.870651,35.190406,137.818432
3,113,5780,3795,35.190406,137.818432,35.20990399999999,137.835929
3,113,3795,6017,35.20990399999999,137.835929,35.235874,137.834762
3,113,6017,360,35.235874,137.834762,35.253954,137.834734
3,113,360,9191,35.253954,137.834734,35.267231,137.832512
3,113,9191,8063,35.267231,137.832512,35.273425,137.853454
3,113,8063,409,35.273425,137.853454,35.311754,137.84861999999998
3,113,409,896,35.311754,137.84861999999998,35.336168,137.841369
3,113,896,6510,35.336168,137.841369,35.349056,137.83834199999998
3,113,6510,8706,35.349056,137.83834199999998,35.37538400000001,137.814148
3,113,8706,6601,35.37538400000001,137.814148,35.40235399999999,137.810258
3,113,6601,1907,35.40235399999999,137.810258,35.418935,137.817201
3,113,1907,5154,35.418935,137.817201,35.429156,137.816784
3,113,5154,6448,35.429156,137.816784,35.441267,137.817229
3,113,6448,5245,35.441267,137.817229,35.452146,137.815951
3,113,5245,3321,35.452146,137.815951,35.463986,137.827671
3,113,3321,5491,35.463986,137.827671,35.475541,137.83978100000002
3,113,5491,8633,35.475541,137.83978100000002,35.487484,137.839364
3,113,8633,366,35.487484,137.839364,35.496817,137.841669
3,113,366,928,35.496817,137.841669,35.504149,137.839613
3,113,928,6409,35.504149,137.839613,35.506648,137.828364
3,113,6409,5103,35.506648,137.828364,35.512341,137.808976
3,113,5103,7624,35.512341,137.808976,35.519702,137.82114199999998
3,113,7624,2901,35.519702,137.82114199999998,35.522118,137.829586
3,113,2901,362,35.522118,137.829586,35.52014699999999,137.838973
3,113,362,2118,35.52014699999999,137.838973,35.533757,137.861471
3,113,2118,933,35.533757,137.861471,35.544229,137.87641399999998
3,113,933,3222,35.544229,137.87641399999998,35.549255,137.886524
3,113,3222,993,35.549255,137.886524,35.57255900000001,137.895883
3,113,993,3120,35.57255900000001,137.895883,35.577753,137.903438
3,113,3120,364,35.577753,137.903438,35.59569600000001,137.913159
3,113,364,4047,35.59569600000001,137.913159,35.617499,137.904131
3,113,4047,365,35.617499,137.904131,35.627192,137.910324
3,113,365,2541,35.627192,137.910324,35.644579,137.900825
3,113,2541,3371,35.644579,137.900825,35.65477199999999,137.911351
3,113,3371,369,35.65477199999999,137.911351,35.66532700000001,137.932571
3,113,369,7627,35.66532700000001,137.932571,35.677548,137.928877
3,113,7627,6483,35.677548,137.928877,35.695546,137.932931
3,113,6483,367,35.695546,137.932931,35.712211,137.933875
3,113,367,3732,35.712211,137.933875,35.726709,137.935096
3,113,3732,1936,35.726709,137.935096,35.736236,137.936818
3,113,1936,5726,35.736236,137.936818,35.74809600000001,137.940123
3,113,5726,1661,35.74809600000001,137.940123,35.767121,137.938789
3,113,1661,5100,35.767121,137.938789,35.777842,137.943927
3,113,5100,5843,35.777842,137.943927,35.80359,137.943981
3,113,5843,979,35.80359,137.943981,35.81319600000001,137.940263
3,113,979,359,35.81319600000001,137.940263,35.838419,137.959201
3,113,359,368,35.838419,137.959201,35.845279,137.9642
3,113,368,6504,35.845279,137.9642,35.860939,137.97798999999998
3,113,6504,8379,35.860939,137.97798999999998,35.879359,137.98408600000002
3,113,8379,8642,35.879359,137.98408600000002,35.900774,137.988001
3,113,8642,361,35.900774,137.988001,35.913689,137.98861200000002
3,113,361,5835,35.913689,137.98861200000002,35.93640900000001,137.985445
3,113,5835,570,35.93640900000001,137.985445,35.952962,137.985167
3,113,570,363,35.952962,137.985167,35.96876599999999,137.984055
3,113,363,1671,35.96876599999999,137.984055,35.976238,137.990554
3,113,1671,5855,35.976238,137.990554,35.984543,137.99719299999998
3,114,7979,6750,34.853311,136.921022,34.874196999999995,136.92343799999998
3,114,6750,7595,34.874196999999995,136.92343799999998,34.894167,136.93052
3,114,7595,891,34.894167,136.93052,34.903389000000004,136.941435
3,114,891,1525,34.903389000000004,136.941435,34.919054,136.961072
3,114,1525,6633,34.919054,136.961072,34.949717,136.970709
3,114,6633,5061,34.949717,136.970709,34.967966,136.97293
3,114,5061,3618,34.967966,136.97293,34.981437,136.971874
3,114,3618,7735,34.981437,136.971874,34.993990999999994,136.970429
3,114,7735,5747,34.993990999999994,136.970429,35.008794,136.961819
3,243,856,9100,34.925303,137.157263,34.94039,137.151777
3,243,9100,6030,34.94039,137.151777,34.956249,137.152748
3,243,6030,8282,34.956249,137.152748,34.972414,137.157498
3,243,8282,5765,34.972414,137.157498,34.982552,137.154552
3,243,5765,8414,34.982552,137.154552,34.9963,137.139304
3,243,8414,2978,34.9963,137.139304,35.012326,137.132859
3,243,2978,659,35.012326,137.132859,35.027296,137.138886
3,243,659,8531,35.027296,137.138886,35.039615000000005,137.147013
3,243,8531,2991,35.039615000000005,137.147013,35.055404,137.15113300000002
3,243,2991,4266,35.055404,137.15113300000002,35.071875,137.151161
3,243,4266,4369,35.071875,137.151161,35.087872999999995,137.15346599999998
3,243,4369,9419,35.087872999999995,137.15346599999998,35.105193,137.160967
3,243,9419,3181,35.105193,137.160967,35.121731,137.162714
3,243,3181,9420,35.121731,137.162714,35.133065,137.148209
3,243,9420,8157,35.133065,137.148209,35.136672999999995,137.134521
3,243,8157,3396,35.136672999999995,137.134521,35.15417,137.120911
3,243,3396,9454,35.15417,137.120911,35.175195,137.107217
3,243,9454,3109,35.175195,137.107217,35.197609,137.101911
3,243,3109,4612,35.197609,137.101911,35.206553,137.082106
3,243,4612,4613,35.206553,137.082106,35.22593900000001,137.078412
3,243,4613,6082,35.22593900000001,137.078412,35.249769,137.072217
3,243,6082,2594,35.249769,137.072217,35.264453,137.043276
3,328,1864,8126,35.1698,136.883195,35.161441,136.879404
3,328,8126,847,35.161441,136.879404,35.156358000000004,136.87071
3,328,847,545,35.156358000000004,136.87071,35.152914,136.86379399999998
3,328,545,1861,35.152914,136.86379399999998,35.149553000000004,136.854398
3,328,1861,7995,35.149553000000004,136.854398,35.140192,136.82788100000002
3,328,7995,2196,35.140192,136.82788100000002,35.132582,136.807522
3,328,2196,1850,35.132582,136.807522,35.129637,136.795328
3,328,1850,7868,35.129637,136.795328,35.123554,136.76946999999998
3,328,7868,2779,35.123554,136.76946999999998,35.119554,136.75233300000002
3,328,2779,1865,35.119554,136.75233300000002,35.113582,136.727696
3,328,1865,1857,35.113582,136.727696,35.097583,136.696061
3,328,1857,1995,35.097583,136.696061,35.066744,136.68351299999998
3,328,1995,674,35.066744,136.68351299999998,35.057837,136.678731
3,328,674,336,35.057837,136.678731,35.0382,136.66884299999998
3,328,336,7891,35.0382,136.66884299999998,35.016175,136.659706
3,328,7891,1863,35.016175,136.659706,35.00649600000001,136.649327
3,328,1863,1114,35.00649600000001,136.649327,34.993343,136.636792
3,328,1114,159,34.993343,136.636792,34.98515,136.629293
3,328,159,5196,34.98515,136.629293,34.977179,136.623293
3,328,5196,1854,34.977179,136.623293,34.96768,136.618628
3,328,1854,4277,34.96768,136.618628,34.956319,136.618433
3,328,4277,1159,34.956319,136.618433,34.943265000000004,136.623017
3,328,1159,793,34.943265000000004,136.623017,34.932933,136.62223899999998
3,328,793,8382,34.932933,136.62223899999998,34.916407,136.624684
3,328,8382,7179,34.916407,136.624684,34.904992,136.63112900000002
3,328,7179,6235,34.904992,136.63112900000002,34.891577000000005,136.626407
3,328,6235,8548,34.891577000000005,136.626407,34.879523,136.62190800000002
3,328,8548,326,34.879523,136.62190800000002,34.869413,136.616715
3,328,326,5157,34.869413,136.616715,34.854692,136.60816
3,328,5157,7456,34.854692,136.60816,34.833999,136.58941299999998
3,328,7456,2215,34.833999,136.58941299999998,34.826167,136.58108
3,328,2215,438,34.826167,136.58108,34.812613,136.568776
3,328,438,5178,34.812613,136.568776,34.798502,136.556112
3,328,5178,8240,34.798502,136.556112,34.785281,136.542974
3,328,8240,7469,34.785281,136.542974,34.770756,136.53250400000002
3,328,7469,2617,34.770756,136.53250400000002,34.755006,136.516227
3,328,2617,2422,34.755006,136.516227,34.744424,136.513978
3,328,2422,6303,34.744424,136.513978,34.734725,136.510473
3,328,6303,6328,34.734725,136.510473,34.715649,136.499897
3,328,6328,7037,34.715649,136.499897,34.692041,136.496454
3,328,7037,1601,34.692041,136.496454,34.675542,136.477817
3,328,1601,6875,34.675542,136.477817,34.663266,136.47728999999998
3,328,6875,335,34.663266,136.47728999999998,34.635214000000005,136.477901
3,782,7745,7737,35.19964500000001,136.861205,35.212963,136.85506999999998
3,782,7737,3738,35.212963,136.85506999999998,35.221185,136.88073400000002
3,782,3738,7658,35.221185,136.88073400000002,35.228629,136.902371
3,782,7658,8543,35.228629,136.902371,35.229478,136.932365
3,782,8543,3636,35.229478,136.932365,35.227868,136.952916
3,842,4367,8808,34.761804999999995,137.383291,34.754915999999994,137.388541
3,842,8808,3727,34.754915999999994,137.388541,34.748834,137.388264
3,842,3727,5542,34.748834,137.388264,34.742251,137.38595800000002
3,842,5542,7047,34.742251,137.38595800000002,34.735696999999995,137.38579099999998
3,842,7047,2573,34.735696999999995,137.38579099999998,34.727252,137.38176399999998
3,842,2573,224,34.727252,137.38176399999998,34.718393,137.38031999999998
3,842,224,9208,34.718393,137.38031999999998,34.711104,137.373243
3,842,9208,2353,34.711104,137.373243,34.706032,137.367655
3,842,2353,5657,34.706032,137.367655,34.695865999999995,137.358685
3,842,5657,9076,34.695865999999995,137.358685,34.692228,137.33521499999998
3,842,9076,4591,34.692228,137.33521499999998,34.680256,137.320688
3,842,4591,135,34.680256,137.320688,34.673646000000005,137.309078
3,842,135,8245,34.673646000000005,137.309078,34.667590999999994,137.293747
3,842,8245,4439,34.667590999999994,137.293747,34.66809,137.277692
3,842,4439,2984,34.66809,137.277692,34.667007,137.269082
3,843,677,9430,34.763847,137.382956,34.763134,137.38581200000002
3,843,9430,4288,34.763134,137.38581200000002,34.762943,137.389401
3,843,4288,2929,34.762943,137.389401,34.764471,137.390207
3,843,2929,3239,34.764471,137.390207,34.767276,137.392789
3,843,3239,8207,34.767276,137.392789,34.766749,137.39565100000002
3,843,8207,6820,34.766749,137.39565100000002,34.765943,137.40053899999998
3,843,6820,5317,34.765943,137.40053899999998,34.765804,137.4044
3,843,5317,6799,34.765804,137.4044,34.765777,137.408344
3,843,6799,6798,34.765777,137.408344,34.765332,137.413566
3,843,6798,1762,34.765332,137.413566,34.765083000000004,137.417038
3,843,1762,416,34.765083000000004,137.417038,34.76425,137.42181499999998
3,843,416,5074,34.76425,137.42181499999998,34.763472,137.428926
3,844,416,639,34.76425,137.42181499999998,34.758528000000005,137.42228799999998
3,856,6092,8576,35.167663,136.873154,35.171118,136.88380700000002
3,856,8576,2663,35.171118,136.88380700000002,35.172051,136.889736
3,856,2663,1368,35.172051,136.889736,35.173122,136.898457
3,856,1368,1593,35.173122,136.898457,35.173636,136.90831699999998
3,856,1593,2548,35.173636,136.90831699999998,35.174108000000004,136.916178
3,856,2548,3422,35.174108000000004,136.916178,35.173414,136.929204
3,856,3422,2742,35.173414,136.929204,35.169609,136.93731499999998
3,856,2742,4537,35.169609,136.93731499999998,35.158499,136.935094
3,856,4537,2280,35.158499,136.935094,35.149889,136.933983
3,856,2280,2889,35.149889,136.933983,35.140168,136.933428
3,856,2889,4583,35.140168,136.933428,35.131918,136.934372
3,856,4583,4582,35.131918,136.934372,35.124892,136.935428
3,856,4582,4273,35.124892,136.935428,35.117948,136.93676200000002
3,856,4273,2906,35.117948,136.93676200000002,35.109199,136.93678899999998
3,856,2906,6399,35.109199,136.93678899999998,35.105644,136.943927
3,856,6399,8741,35.105644,136.943927,35.102422,136.95526
3,856,8741,9602,35.102422,136.95526,35.102673,136.966204
3,856,9602,9600,35.102673,136.966204,35.102451,136.976397
3,856,9600,9599,35.102451,136.976397,35.098618,136.98928600000002
3,856,9599,9601,35.098618,136.98928600000002,35.094577,136.99799299999998
3,857,3971,3804,35.22363499999999,136.876822,35.215714,136.88648500000002
3,857,3804,3803,35.215714,136.88648500000002,35.204326,136.890929
3,857,3803,4118,35.204326,136.890929,35.19202199999999,136.89079099999998
3,857,4118,5264,35.19202199999999,136.89079099999998,35.183772999999995,136.890374
3,857,5264,1368,35.183772999999995,136.890374,35.174663,136.896874
3,857,1368,7996,35.174663,136.896874,35.169052,136.897596
3,857,7996,5651,35.169052,136.897596,35.16072,136.898152
3,857,5651,3993,35.16072,136.898152,35.157331,136.906596
3,857,3993,6397,35.157331,136.906596,35.156108,136.915584
3,857,6397,2501,35.156108,136.915584,35.149611,136.925289
3,857,2501,2280,35.149611,136.925289,35.149889,136.933983
3,857,2280,5244,35.149889,136.933983,35.14875,136.948342
3,857,5244,28,35.14875,136.948342,35.143224,136.95537
3,857,28,7524,35.143224,136.95537,35.137113,136.963758
3,857,7524,779,35.137113,136.963758,35.132392,136.977591
3,857,779,4125,35.132392,136.977591,35.128597,136.988066
3,857,4125,2122,35.128597,136.988066,35.125893,136.9972
3,857,2122,8080,35.125893,136.9972,35.122671999999994,137.00731100000002
3,857,8080,5091,35.122671999999994,137.00731100000002,35.120977,137.018004
3,858,2625,7552,35.13986,136.853351,35.149019,136.853252
3,858,7552,1433,35.149019,136.853252,35.158747,136.854489
3,858,1433,6093,35.158747,136.854489,35.167829,136.854961
3,858,6093,6094,35.167829,136.854961,35.172385,136.861766
3,858,6094,8473,35.172385,136.861766,35.177106,136.86676599999998
3,858,8473,1531,35.177106,136.86676599999998,35.177412,136.877402
3,858,1531,8576,35.177412,136.877402,35.171118,136.88380700000002
3,858,8576,7996,35.171118,136.88380700000002,35.169052,136.897596
3,858,7996,651,35.169052,136.897596,35.169886,136.908429
3,858,651,4175,35.169886,136.908429,35.170719,136.920372
3,858,4175,5141,35.170719,136.920372,35.170652000000004,136.930119
3,858,5141,2742,35.170652000000004,136.930119,35.169609,136.93731499999998
3,858,2742,5940,35.169609,136.93731499999998,35.167776,136.946092
3,858,5940,1205,35.167776,136.946092,35.166526,136.952619
3,858,1205,8465,35.166526,136.952619,35.163943,136.963618
3,858,8465,6707,35.163943,136.963618,35.160583,136.972673
3,858,6707,4643,35.160583,136.972673,35.162389000000005,136.985089
3,858,4643,453,35.162389000000005,136.985089,35.168222,136.995921
3,858,453,3963,35.168222,136.995921,35.173499,137.006476
3,858,3963,8453,35.173499,137.006476,35.175221,137.01339099999998
3,858,8453,6924,35.175221,137.01339099999998,35.182443,137.021307
3,859,94,5676,35.190857,136.944342,35.192514,136.93661
3,859,5676,8059,35.192514,136.93661,35.19591099999999,136.929731
3,859,8059,3256,35.19591099999999,136.929731,35.196216,136.921066
3,859,3256,2703,35.196216,136.921066,35.197077,136.910177
3,859,2703,8582,35.197077,136.910177,35.19055,136.904595
3,859,8582,3238,35.19055,136.904595,35.181413,136.905484
3,859,3238,1593,35.181413,136.905484,35.173636,136.90831699999998
3,859,1593,651,35.173636,136.90831699999998,35.169886,136.908429
3,859,651,8772,35.169886,136.908429,35.163776,136.908984
3,859,8772,3993,35.163776,136.908984,35.157331,136.906596
3,859,3993,6849,35.157331,136.906596,35.149916,136.90451299999998
3,859,6849,1879,35.149916,136.90451299999998,35.142944,136.901208
3,859,1879,4772,35.142944,136.901208,35.134833,136.90170700000002
3,859,4772,4437,35.134833,136.90170700000002,35.12764,136.906846
3,859,4437,6453,35.12764,136.906846,35.120836,136.91043
3,859,6453,8436,35.120836,136.91043,35.116615,136.921673
3,859,8436,8554,35.116615,136.921673,35.117031,136.929595
3,859,8554,4273,35.117031,136.929595,35.117948,136.93676200000002
3,859,4273,9384,35.117948,136.93676200000002,35.123089,136.948655
3,859,9384,9385,35.123089,136.948655,35.130399,136.954557
3,859,9385,7524,35.130399,136.954557,35.136782000000004,136.96434
3,859,7524,9388,35.136782000000004,136.96434,35.144968,136.964675
3,859,9388,9362,35.144968,136.964675,35.153875,136.966488
3,859,9362,8465,35.153875,136.966488,35.163943,136.963618
3,859,8465,9360,35.163943,136.963618,35.175498,136.966496
3,859,9360,9361,35.175498,136.966496,35.184519,136.962618
3,859,9361,2812,35.184519,136.962618,35.188718,136.954452
3,859,2812,94,35.188718,136.954452,35.190857,136.944342
3,860,1879,7291,35.142944,136.901208,35.132697,136.893091
3,860,7291,9097,35.132697,136.893091,35.124029,136.888237
3,860,9097,6654,35.124029,136.888237,35.113391,136.885933
3,860,6654,2449,35.113391,136.885933,35.105726000000004,136.884544
3,860,2449,5965,35.105726000000004,136.884544,35.099837,136.883128
3,860,5965,8578,35.099837,136.883128,35.093059999999994,136.881906
3,1002,8059,4038,35.19591099999999,136.929731,35.203297,136.929642
3,862,5479,2542,35.020207,136.892574,35.009709,136.893714
3,862,2542,7053,35.009709,136.893714,34.989351,136.90690800000002
3,862,7053,7563,34.989351,136.90690800000002,34.973908,136.912574
3,862,7563,5856,34.973908,136.912574,34.962271,136.915574
3,862,5856,7465,34.962271,136.915574,34.954993,136.915463
3,862,7465,2856,34.954993,136.915463,34.940940000000005,136.916686
3,862,2856,147,34.940940000000005,136.916686,34.931329,136.918408
3,862,147,4124,34.931329,136.918408,34.917497999999995,136.923437
3,862,4124,7596,34.917497999999995,136.923437,34.909165,136.92552
3,862,7596,3512,34.909165,136.92552,34.902194,136.925742
3,862,3512,5919,34.902194,136.925742,34.894084,136.92590900000002
3,862,5919,4632,34.894084,136.92590900000002,34.886278999999995,136.921854
3,862,4632,7116,34.886278999999995,136.921854,34.878696000000005,136.917132
3,862,7116,3904,34.878696000000005,136.917132,34.85831,136.916411
3,862,3904,5920,34.85831,136.916411,34.850589,136.916523
3,862,5920,7867,34.850589,136.916523,34.829229999999995,136.916662
3,862,7867,1090,34.829229999999995,136.916662,34.797233,136.91891299999997
3,862,1090,1089,34.797233,136.91891299999997,34.778013,136.912025
3,864,1269,1270,34.822778,137.22589399999998,34.825431,137.201971
3,864,1270,2977,34.825431,137.201971,34.813322,137.189806
3,864,2977,2020,34.813322,137.189806,34.798323,137.184529
3,864,2020,4715,34.798323,137.184529,34.789907,137.17861299999998
3,864,4715,56,34.789907,137.17861299999998,34.788546000000004,137.16286499999998
3,864,56,6818,34.788546000000004,137.16286499999998,34.789462,137.145894
3,864,6818,4912,34.789462,137.145894,34.792322,137.121063
3,864,4912,2983,34.792322,137.121063,34.793209999999995,137.105174
3,864,2983,1583,34.793209999999995,137.105174,34.793904,137.070789
3,866,6826,937,35.190049,136.870264,35.202603,136.87073600000002
3,866,937,6073,35.202603,136.87073600000002,35.214713,136.87676299999998
3,866,6073,3971,35.214713,136.87676299999998,35.22363499999999,136.876822
3,866,3971,4793,35.22363499999999,136.876822,35.244709,136.871179
3,866,4793,6980,35.244709,136.871179,35.255819,136.873317
3,866,6980,5621,35.255819,136.873317,35.26342899999999,136.874761
3,866,5621,1424,35.26342899999999,136.874761,35.2779,136.87356699999998
3,866,1424,5063,35.2779,136.87356699999998,35.295454,136.870927
3,866,5063,7914,35.295454,136.870927,35.317062,136.872954
3,866,7914,2441,35.317062,136.872954,35.334866,136.872203
3,866,2441,7429,35.334866,136.872203,35.344782,136.900284
3,866,7429,7927,35.344782,136.900284,35.359587,136.916032
3,866,7927,8672,35.359587,136.916032,35.36678,136.925947
3,866,8672,2087,35.36678,136.925947,35.374224,136.939808
3,866,2087,2086,35.374224,136.939808,35.37989,136.945473
3,866,2086,2088,35.37989,136.945473,35.390334,136.94689
3,866,2088,4173,35.390334,136.94689,35.396749,136.944278
3,867,2086,7864,35.37989,136.945473,35.379586,136.962305
3,867,7864,5323,35.379586,136.962305,35.389834,136.97996899999998
3,867,5323,4728,35.389834,136.97996899999998,35.404806,137.010661
3,867,4728,1042,35.404806,137.010661,35.41805499999999,137.01866
3,867,1042,7295,35.41805499999999,137.01866,35.43230300000001,137.03688
3,867,7295,4186,35.43230300000001,137.03688,35.423416,137.055656
3,867,4186,8603,35.423416,137.055656,35.433198,137.087513
3,867,8603,1448,35.433198,137.087513,35.434583,137.105124
3,867,1448,2291,35.434583,137.105124,35.431389,137.121622
3,867,2291,2290,35.431389,137.121622,35.429639,137.127483
3,868,8131,8132,34.874004,136.985627,34.887281,136.989376
3,868,8132,4294,34.887281,136.989376,34.896752,136.99020900000002
3,868,4294,8344,34.896752,136.99020900000002,34.906056,136.992486
3,868,8344,2634,34.906056,136.992486,34.92161,136.989486
3,868,2634,2975,34.92161,136.989486,34.930803999999995,136.98993000000002
3,868,2975,1568,34.930803999999995,136.98993000000002,34.946746000000005,136.989568
3,868,1568,3657,34.946746000000005,136.989568,34.963645,136.99531399999998
3,868,3657,1311,34.963645,136.99531399999998,34.984687,136.993788
3,868,1311,1310,34.984687,136.993788,34.990751,137.00879
3,868,1310,3549,34.990751,137.00879,34.995047,137.02375800000002
3,868,3549,5924,34.995047,137.02375800000002,35.006184999999995,137.039617
3,868,5924,2982,35.006184999999995,137.039617,35.003907,137.045229
3,868,2982,2989,35.003907,137.045229,35.010824,137.077364
3,868,2989,3442,35.010824,137.077364,35.026157,137.095695
3,868,3442,5977,35.026157,137.095695,35.0401,137.114498
3,868,5977,6567,35.0401,137.114498,35.058237,137.129719
3,868,6567,3931,35.058237,137.129719,35.072069,137.15477099999998
3,868,3931,8242,35.072069,137.15477099999998,35.087151,137.156243
3,868,8242,7399,35.087151,137.156243,35.099539,137.162353
3,868,7399,681,35.099539,137.162353,35.107649,137.179991
3,868,681,8072,35.107649,137.179991,35.114755,137.184727
3,868,8072,757,35.114755,137.184727,35.122398,137.178934
3,869,4038,8545,35.203297,136.929642,35.22226699999999,136.93598300000002
3,869,8545,8544,35.22226699999999,136.93598300000002,35.235087,136.93713799999998
3,869,8544,3585,35.235087,136.93713799999998,35.250324,136.93622299999998
3,869,3585,1686,35.250324,136.93622299999998,35.264043,136.93125600000002
3,869,1686,1341,35.264043,136.93125600000002,35.271624,136.931173
3,869,1341,3762,35.271624,136.931173,35.281735,136.92764499999998
3,869,3762,3760,35.281735,136.92764499999998,35.289188,136.9282
3,869,3760,3761,35.289188,136.9282,35.298711,136.935295
3,869,3761,8540,35.298711,136.935295,35.308593,136.94000400000002
3,869,8540,6465,35.308593,136.94000400000002,35.317481,136.94364199999998
3,869,6465,1227,35.317481,136.94364199999998,35.330674,136.950086
3,869,1227,562,35.330674,136.950086,35.351394,136.952501
3,869,562,2086,35.351394,136.952501,35.37989,136.945473
3,870,4438,8244,35.125474,136.912597,35.11367,136.910763
3,870,8244,6970,35.11367,136.910763,35.105588,136.90948600000002
3,870,6970,5590,35.105588,136.90948600000002,35.093255,136.91273700000002
3,870,5590,5732,35.093255,136.91273700000002,35.08034,136.909321
3,870,5732,3410,35.08034,136.909321,35.072814,136.909127
3,870,3410,8592,35.072814,136.909127,35.060871,136.911543
3,870,8592,9171,35.060871,136.911543,35.042872,136.902989
3,870,9171,4340,35.042872,136.902989,35.035067,136.899407
3,870,4340,5479,35.035067,136.899407,35.020207,136.892574
3,870,5479,7734,35.020207,136.892574,35.010958,136.886269
3,870,7734,3317,35.010958,136.886269,35.000265,136.875465
3,870,3317,6170,35.000265,136.875465,34.993655,136.86363300000002
3,870,6170,2154,34.993655,136.86363300000002,34.987766,136.856606
3,870,2154,6203,34.987766,136.856606,34.97835,136.847635
3,870,6203,7282,34.97835,136.847635,34.961685,136.831942
3,870,7282,4363,34.961685,136.831942,34.949631,136.828499
3,870,4363,5774,34.949631,136.828499,34.935438,136.827444
3,870,5774,4704,34.935438,136.827444,34.924646,136.826887
3,870,4704,1275,34.924646,136.826887,34.915273,136.825639
3,870,1275,738,34.915273,136.825639,34.904941,136.828168
3,870,738,5445,34.904941,136.828168,34.897081,136.830723
3,870,5445,4100,34.897081,136.830723,34.891109,136.835084
3,871,655,6779,35.170524,136.908734,35.183384000000004,136.9084
3,871,6779,4659,35.183384000000004,136.9084,35.187134,136.913677
3,871,4659,7227,35.187134,136.913677,35.187911,136.919177
3,871,7227,4387,35.187911,136.919177,35.188245,136.929426
3,871,4387,5676,35.188245,136.929426,35.191533,136.936874
3,871,5676,8779,35.191533,136.936874,35.193606,136.94800800000002
3,871,8779,3449,35.193606,136.94800800000002,35.19618900000001,136.95758999999998
3,871,3449,7818,35.19618900000001,136.95758999999998,35.19713400000001,136.964256
3,871,7818,3752,35.19713400000001,136.964256,35.200106,136.975561
3,871,3752,1456,35.200106,136.975561,35.205105,136.98792
3,871,1456,5643,35.205105,136.98792,35.206967,136.99655800000002
3,871,5643,497,35.206967,136.99655800000002,35.21099500000001,137.010641
3,871,497,213,35.21099500000001,137.010641,35.214216,137.019667
3,871,213,7732,35.214216,137.019667,35.216684,137.03652
3,871,7732,3000,35.216684,137.03652,35.216273,137.052331
3,871,3000,4578,35.216273,137.052331,35.224217,137.069802
3,871,4578,4275,35.224217,137.069802,35.22555,137.077745
3,871,4275,4614,35.22555,137.077745,35.225023,137.084133
3,871,4614,7736,35.225023,137.084133,35.22497100000001,137.097221
3,872,1583,3923,34.793904,137.070789,34.830095,137.072121
3,872,3923,8027,34.830095,137.072121,34.84462,137.048428
3,872,8027,4915,34.84462,137.048428,34.863785,137.057594
3,872,4915,4916,34.863785,137.057594,34.870701000000004,137.06261999999998
3,872,4916,2902,34.870701000000004,137.06261999999998,34.880365999999995,137.062231
3,872,2902,8123,34.880365999999995,137.062231,34.892948,137.060897
3,872,8123,9541,34.892948,137.060897,34.90606,137.077053
3,872,9541,8129,34.90606,137.077053,34.917558,137.088311
3,872,8129,8130,34.917558,137.088311,34.92739,137.08953300000002
3,872,8130,8128,34.92739,137.08953300000002,34.937027,137.090644
3,872,8128,7039,34.937027,137.090644,34.951831,137.092449
3,872,7039,8267,34.951831,137.092449,34.964636,137.092031
3,872,8267,4163,34.964636,137.092031,34.986771999999995,137.085336
3,874,7867,4068,34.829229999999995,136.916662,34.807231,136.866751
3,874,4068,7792,34.807231,136.866751,34.800232,136.862973
3,874,7792,5918,34.800232,136.862973,34.786983,136.864474
3,874,5918,8712,34.786983,136.864474,34.772291,136.860531
3,874,8712,7014,34.772291,136.860531,34.744766,136.875002
3,875,5590,6856,35.093255,136.91273700000002,35.088978000000004,136.899099
3,877,4518,4508,35.198936,136.84571100000002,35.195992,136.825435
3,877,4508,3383,35.195992,136.825435,35.195824,136.806547
3,877,3383,8673,35.195824,136.806547,35.195297,136.78791
3,877,8673,4979,35.195297,136.78791,35.198685,136.767134
3,877,4979,3639,35.198685,136.767134,35.195212,136.750108
3,877,3639,6950,35.195212,136.750108,35.188907,136.73885900000002
3,877,6950,6334,35.188907,136.73885900000002,35.178103,136.730999
3,880,6334,6195,35.178103,136.730999,35.189741,136.72711
3,880,6195,9101,35.189741,136.72711,35.20218300000001,136.72913799999998
3,880,9101,9161,35.20218300000001,136.72913799999998,35.21396,136.727248
3,880,9161,1381,35.21396,136.727248,35.222403,136.72897
3,880,1381,3930,35.222403,136.72897,35.233846,136.732525
3,880,3930,4395,35.233846,136.732525,35.247539,136.736913
3,880,4395,3112,35.247539,136.736913,35.256427,136.739607
3,880,3112,1814,35.256427,136.739607,35.26600900000001,136.747717
3,880,1814,7412,35.26600900000001,136.747717,35.276981,136.757576
3,880,7412,7196,35.276981,136.757576,35.283786,136.765715
3,880,7196,1313,35.283786,136.765715,35.287147,136.778213
3,880,1313,1332,35.287147,136.778213,35.289731,136.78612900000002
3,880,1332,4170,35.289731,136.78612900000002,35.301368,136.797211
3,880,4170,4709,35.301368,136.797211,35.307478,136.79218400000002
3,880,4709,1187,35.307478,136.79218400000002,35.31930999999999,136.774212
3,880,1187,805,35.31930999999999,136.774212,35.324392,136.761186
3,880,805,1793,35.324392,136.761186,35.334946,136.758102
3,881,6334,7292,35.178103,136.730999,35.163804,136.72866399999998
3,881,7292,2766,35.163804,136.72866399999998,35.147523,136.716502
3,881,2766,2216,35.147523,136.716502,35.129441,136.71133600000002
3,881,2216,8759,35.129441,136.71133600000002,35.113865999999994,136.72536200000002
3,883,8230,470,34.822326000000004,137.39651,34.818381,137.387594
3,883,470,4517,34.818381,137.387594,34.823547999999995,137.37053999999998
3,883,4517,7557,34.823547999999995,137.37053999999998,34.829128999999995,137.351986
3,883,7557,2670,34.829128999999995,137.351986,34.837406,137.327792
3,884,5091,7274,35.120977,137.018004,35.118256,137.048696
3,884,7274,8127,35.118256,137.048696,35.123617,137.06686100000002
3,884,8127,2695,35.123617,137.06686100000002,35.127645,137.091386
3,884,2695,3009,35.127645,137.091386,35.126868,137.111301
3,884,3009,4119,35.126868,137.111301,35.121147,137.137077
3,884,4119,4050,35.121147,137.137077,35.115981,137.15502
3,884,4050,7399,35.115981,137.15502,35.099539,137.162353
3,885,8206,357,34.763054,137.38196000000002,34.803049,137.354848
3,885,357,3744,34.803049,137.354848,34.814714,137.345542
3,885,3744,2670,34.814714,137.345542,34.837406,137.327792
3,885,2670,2305,34.837406,137.327792,34.845905,137.321516
3,885,2305,8588,34.845905,137.321516,34.859208,137.31096100000002
3,885,8588,8589,34.859208,137.31096100000002,34.871429,137.288295
3,885,8589,8468,34.871429,137.288295,34.893231,137.259185
3,885,8468,8587,34.893231,137.259185,34.899508000000004,137.242548
3,885,8587,6940,34.899508000000004,137.242548,34.913228000000004,137.21846599999998
3,885,6940,7755,34.913228000000004,137.21846599999998,34.923532,137.19646799999998
3,885,7755,5911,34.923532,137.19646799999998,34.937336,137.18316299999998
3,885,5911,6642,34.937336,137.18316299999998,34.95175,137.167497
3,885,6642,857,34.95175,137.167497,34.954888000000004,137.153387
3,885,857,8771,34.954888000000004,137.153387,34.96097,137.139777
3,885,8771,525,34.96097,137.139777,34.97133,137.11783400000002
3,885,525,4163,34.97133,137.11783400000002,34.986771999999995,137.085336
3,885,4163,1688,34.986771999999995,137.085336,34.999186,137.060671
3,885,1688,5924,34.999186,137.060671,35.006184999999995,137.039617
3,885,5924,443,35.006184999999995,137.039617,35.013379,137.02553500000002
3,885,443,7889,35.013379,137.02553500000002,35.029737,137.016119
3,885,7889,8252,35.029737,137.016119,35.041125,137.008035
3,885,8252,5308,35.041125,137.008035,35.05254,136.99523100000002
3,885,5308,6039,35.05254,136.99523100000002,35.061594,136.980759
3,885,6039,8842,35.061594,136.980759,35.067704,136.971009
3,885,8842,2805,35.067704,136.971009,35.070481,136.960372
3,885,2805,8608,35.070481,136.960372,35.078452,136.951206
3,885,8608,8474,35.078452,136.951206,35.087368,136.93729
3,885,8474,8447,35.087368,136.93729,35.099089,136.933429
3,885,8447,2879,35.099089,136.933429,35.106005,136.93467900000002
3,885,2879,2182,35.106005,136.93467900000002,35.114670000000004,136.930206
3,885,2182,8437,35.114670000000004,136.930206,35.120165,136.920002
3,885,8437,4438,35.120165,136.920002,35.125474,136.912597
3,885,4438,1879,35.125474,136.912597,35.142944,136.901208
3,885,1879,95,35.142944,136.901208,35.151776,136.88876399999998
3,885,95,4372,35.151776,136.88876399999998,35.169785,136.883828
3,885,4372,654,35.169785,136.883828,35.183744,136.872903
3,885,654,6826,35.183744,136.872903,35.190049,136.870264
3,885,6826,4917,35.190049,136.870264,35.195132,136.86520900000002
3,885,4917,7184,35.195132,136.86520900000002,35.19477,136.859098
3,885,7184,4292,35.19477,136.859098,35.195326,136.852404
3,885,4292,4518,35.195326,136.852404,35.198936,136.84571100000002
3,885,4518,1367,35.198936,136.84571100000002,35.204547,136.842028
3,885,1367,4278,35.204547,136.842028,35.211463,136.835322
3,885,4278,5781,35.211463,136.835322,35.226322,136.81843500000002
3,885,5781,806,35.226322,136.81843500000002,35.23545900000001,136.810851
3,885,806,2673,35.23545900000001,136.810851,35.25423499999999,136.80301799999998
3,885,2673,6621,35.25423499999999,136.80301799999998,35.270705,136.800906
3,885,6621,8555,35.270705,136.800906,35.286676,136.79818400000002
3,885,8555,4170,35.286676,136.79818400000002,35.301368,136.797211
3,885,4170,2723,35.301368,136.797211,35.318366,136.78921100000002
3,885,2723,5059,35.318366,136.78921100000002,35.326254,136.785322
3,885,5059,4377,35.326254,136.785322,35.341808,136.779378
3,885,4377,2710,35.341808,136.779378,35.350167,136.777433
3,885,2710,8660,35.350167,136.777433,35.364943,136.770489
3,885,8660,1238,35.364943,136.770489,35.374609,136.764656
3,885,1238,1465,35.374609,136.764656,35.389829,136.76921000000002
3,885,1465,6009,35.389829,136.76921000000002,35.402161,136.768932
3,885,6009,1030,35.402161,136.768932,35.40513400000001,136.766405
3,885,1030,4202,35.40513400000001,136.766405,35.41096599999999,136.760655
3,1057,4100,9415,34.891109,136.835084,34.879677,136.82826
3,1057,9415,9406,34.879677,136.82826,34.860556,136.81606200000002
3,1028,8576,9378,35.168719,136.88222,35.161364,136.881276
3,1028,9378,9383,35.161364,136.881276,35.149257,136.861325
3,1028,9383,9381,35.149257,136.861325,35.140124,136.861862
3,1028,9381,9387,35.140124,136.861862,35.13157,136.861859
3,1028,9387,9386,35.13157,136.861859,35.125032,136.861451
3,1028,9386,9389,35.125032,136.861451,35.114308,136.862665
3,1028,9389,9382,35.114308,136.862665,35.104501,136.861208
3,1028,9382,9379,35.104501,136.861208,35.091463,136.863249
3,1028,9379,9390,35.091463,136.863249,35.075129,136.85407
3,1028,9390,9380,35.075129,136.85407,35.048262,136.848233
3,1058,6924,9417,35.182068,137.021849,35.177551,137.03524099999998
3,1058,9417,9427,35.177551,137.03524099999998,35.171826,137.037598
3,1058,9427,9423,35.171826,137.037598,35.171576,137.050049
3,1058,9423,9421,35.171576,137.050049,35.171889,137.061139
3,1058,9421,9422,35.171889,137.061139,35.174329,137.076751
3,1058,9422,9426,35.174329,137.076751,35.177613,137.087426
3,1058,9426,9424,35.177613,137.087426,35.179217,137.097409
3,1058,9424,9454,35.179217,137.097409,35.176559999999995,137.106309
3,1200,5676,94,35.191863,136.93743899999998,35.19022899999999,136.947431
3,1200,94,2812,35.19022899999999,136.947431,35.188785,136.954388
3,1200,2812,9603,35.188785,136.954388,35.197305,136.956554
3,1200,9603,9604,35.197305,136.956554,35.202504,136.95672
3,1200,9604,9605,35.202504,136.95672,35.210269,136.962022
3,1200,9605,9606,35.210269,136.962022,35.214174,136.968639
3,1200,9606,9607,35.214174,136.968639,35.215956,136.978511
3,1200,9607,9608,35.215956,136.978511,35.218794,136.98285800000002
