company_id,line_id,station_id,station_name,lat,lon,x,y
3,102,8576,名古屋,35.170451,136.881095,1368810.95,-351704.51
3,102,7551,八田（関西本線）,35.148884,136.852101,1368521.01,-351488.84
3,102,9235,春田,35.143242,136.813599,1368135.99,-351432.42
3,102,1181,蟹江,35.14208,136.79366100000001,1367936.61,-351420.8
3,102,669,永和,35.132859,136.76441499999999,1367644.15,-351328.59
3,102,8759,弥富,35.113865999999994,136.72536200000002,1367253.62,-351138.6599999999
3,102,6253,長島,35.098222,136.69558899999998,1366955.89,-350982.22
3,102,1995,桑名,35.066744,136.68351299999998,1366835.1299999997,-350667.44
3,102,6178,朝日,35.033673,136.658094,1366580.94,-350336.73
3,102,7895,富田（三重県）,35.007954,136.653179,1366531.79,-350079.54
3,102,7898,富田浜,34.996621000000005,136.650124,1366501.24,-349966.21
3,102,3191,四日市〔ＪＲ〕,34.962819,136.630154,1366301.54,-349628.19000000006
3,102,7091,南四日市,34.941682,136.60974,1366097.4,-349416.82
3,102,1063,河原田,34.910665,136.598516,1365985.16,-349106.65
3,102,1056,河曲,34.897991,136.567968,1365679.6800000002,-348979.91
3,102,1019,加佐登,34.890408,136.529971,1365299.71,-348904.08
3,102,430,井田川,34.868187,136.492559,1364925.59,-348681.87
3,102,1526,亀山（三重県）,34.849994,136.450591,1364505.91,-348499.94
3,109,8576,名古屋,35.170451,136.881095,1368810.95,-351704.51
3,109,1879,金山（愛知県）,35.142944,136.901208,1369012.08,-351429.44
3,109,6397,鶴舞,35.157089,136.918146,1369181.46,-351570.89
3,109,5141,千種,35.171162,136.931105,1369311.05,-351711.62000000005
3,109,5676,大曽根,35.189153000000005,136.937219,1369372.19,-351891.53
3,109,4249,新守山,35.20616,136.950229,1369502.29,-352061.6
3,109,3636,勝川,35.229908,136.956402,1369564.02,-352299.08
3,109,3584,春日井（中央本線）,35.243068,136.985139,1369851.3900000001,-352430.68
3,109,4481,神領,35.256516999999995,137.0105,1370105.0,-352565.1699999999
3,109,2594,高蔵寺,35.264453,137.043276,1370432.76,-352644.53
3,109,6401,定光寺,35.277905,137.080798,1370807.98,-352779.05
3,109,2156,古虎渓,35.303792,137.10165700000002,1371016.57,-353037.92000000004
3,109,5452,多治見,35.334872999999995,137.120071,1371200.71,-353348.7299999999
3,109,6562,土岐市,35.359871000000005,137.182287,1371822.87,-353598.7100000001
3,109,4584,瑞浪,35.369039,137.252003,1372520.03,-353690.39
3,109,1280,釜戸,35.411313,137.30533,1373053.3,-354113.13
3,109,7978,武並,35.437922,137.354491,1373544.91,-354379.22000000003
3,109,2024,恵那,35.455083,137.40758799999998,1374075.8799999997,-354550.83
3,109,7775,美乃坂本,35.479413,137.449597,1374495.9700000002,-354794.13
3,109,6099,中津川,35.500141,137.502809,1375028.09,-355001.41
3,109,8913,落合川,35.525139,137.530306,1375303.06,-355251.39
3,109,2843,坂下,35.574022,137.531137,1375311.37,-355740.22
3,109,6517,田立,35.588188,137.548996,1375489.96,-355881.88
3,109,7171,南木曽,35.599021,137.60863,1376086.3,-355990.21
3,109,3531,十二兼,35.645238,137.617433,1376174.33,-356452.38
3,109,8724,野尻,35.672846,137.63604099999998,1376360.4099999997,-356728.46
3,109,5576,大桑（長野県）,35.684013,137.664177,1376641.77,-356840.13
3,109,4524,須原,35.697623,137.695008,1376950.08,-356976.23
3,109,5355,倉本,35.732898,137.714727,1377147.27,-357328.98
3,109,3972,上松,35.784085,137.693309,1376933.09,-357840.85
3,109,8661,木曽福島,35.843718,137.69333500000002,1376933.35,-358437.18000000005
3,109,2140,原野,35.871382000000004,137.741691,1377416.91,-358713.82000000007
3,109,1633,宮ノ越,35.888186,137.763744,1377637.44,-358881.86
3,109,9177,藪原,35.930099,137.784435,1377844.35,-359300.99
3,109,7004,奈良井,35.969345000000004,137.81593,1378159.3,-359693.45000000007
3,109,8662,木曽平沢,35.979123,137.832651,1378326.51,-359791.23000000004
3,109,9182,贄川,36.013842,137.860841,1378608.41,-360138.42
3,109,7272,日出塩,36.049116,137.894838,1378948.38,-360491.16
3,109,5278,洗馬,36.087029,137.91664,1379166.4,-360870.29000000004
3,109,784,塩尻,36.114804,137.947747,1379477.47,-361148.04
3,110,6668,東京,35.680805,139.767798,1397677.98,-356808.05
3,110,7825,品川,35.628062,139.7389,1397389.0,-356280.62
3,110,4179,新横浜,35.507249,139.617399,1396173.99,-355072.49
3,110,3742,小田原,35.256242,139.154683,1391546.83,-352562.42
3,110,7326,熱海,35.103654999999996,139.077843,1390778.43,-351036.55
3,110,3056,三島,35.126749,138.910079,1389100.79,-351267.49
3,110,4358,新富士（静岡県）,35.142099,138.663389,1386633.89,-351420.99
3,110,4995,静岡,34.971790000000006,138.389603,1383896.03,-349717.9000000001
3,110,1232,掛川,34.769293,138.015197,1380151.97,-347692.93
3,110,7841,浜松,34.703786,137.735276,1377352.76,-347037.86
3,110,8206,豊橋,34.762822,137.381075,1373810.75,-347628.22
3,110,2968,三河安城,34.970308,137.061377,1370613.77,-349703.08
3,110,8576,名古屋,35.170451,136.881095,1368810.95,-351704.51
3,110,1468,岐阜羽島,35.315697,136.685665,1366856.65,-353156.97
3,110,8117,米原,35.314791,136.289435,1362894.3499999999,-353147.91
3,110,1756,京都,34.985233,135.758513,1357585.13,-349852.33
3,110,4305,新大阪,34.733406,135.499952,1354999.52,-347334.06
3,112,7326,熱海,35.104085999999995,139.07775700000002,1390777.5700000003,-351040.8599999999
3,112,7489,函南,35.10875,138.971031,1389710.31,-351087.5
3,112,3056,三島,35.126749,138.910079,1389100.79,-351267.49
3,112,3887,沼津,35.103081,138.85954099999998,1388595.4099999997,-351030.81000000006
3,112,8151,片浜,35.118217,138.81921,1388192.1,-351182.17000000004
3,112,2124,原（静岡県）,35.124827,138.793489,1387934.89,-351248.27
3,112,6800,東田子の浦,35.136213,138.745494,1387454.9400000002,-351362.13
3,112,1552,吉原,35.143768,138.703079,1387030.79,-351437.68
3,112,7876,富士,35.151321,138.652168,1386521.68,-351513.21
3,112,7890,富士川,35.141154,138.618616,1386186.16,-351411.54
3,112,4195,新蒲原,35.119322,138.60789499999998,1386078.95,-351193.22
3,112,1271,蒲原,35.114044,138.58286999999999,1385828.7,-351140.44
3,112,8862,由比,35.097101,138.55273400000002,1385527.34,-350971.01
3,112,1782,興津,35.052578999999994,138.522044,1385220.44,-350525.7899999999
3,112,4661,清水（静岡県）,35.023358,138.48893600000002,1384889.3600000003,-350233.58
3,112,5410,草薙（東海道本線）,35.002331,138.44111,1384411.1,-350023.31
3,112,6758,東静岡,34.984033000000004,138.41275100000001,1384127.5100000002,-349840.33
3,112,4995,静岡,34.971790000000006,138.389603,1383896.03,-349717.9000000001
3,112,290,安倍川,34.94117,138.36408899999998,1383640.89,-349411.7
3,112,8890,用宗,34.922488,138.359842,1383598.42,-349224.88
3,112,3897,焼津,34.872177,138.31859599999999,1383185.96,-348721.77
3,112,4806,西焼津,34.859955,138.285544,1382855.44,-348599.55
3,112,6937,藤枝,34.849678000000004,138.252769,1382527.69,-348496.78
3,112,9085,六合,34.836584,138.204271,1382042.71,-348365.84
3,112,6626,島田（静岡県）,34.830065999999995,138.173498,1381734.98,-348300.66
3,112,1892,金谷（静岡県）,34.819044,138.12551100000002,1381255.11,-348190.44
3,112,1541,菊川（静岡県）,34.761877,138.085925,1380859.25,-347618.76999999996
3,112,1232,掛川,34.769293,138.015197,1380151.97,-347692.93
3,112,9230,愛野（静岡県）,34.75209,137.961095,1379610.95,-347520.9
3,112,5500,袋井,34.741347999999995,137.92613400000002,1379261.34,-347413.4799999999
3,112,9771,御厨（静岡県）,34.717967,137.88489099999998,1378848.91,-347179.67000000004
3,112,7643,磐田,34.710239,137.852253,1378522.5299999998,-347102.39
3,112,8243,豊田町,34.712182,137.819756,1378197.56,-347121.82
3,112,6449,天竜川,34.716903,137.779369,1377793.69,-347169.03
3,112,7841,浜松,34.703786,137.735276,1377352.76,-347037.86
3,112,2606,高塚,34.690486,137.68149,1376814.9,-346904.86
3,112,7983,舞阪,34.685596000000004,137.62644,1376264.4,-346855.96
3,112,8156,弁天島,34.690096000000004,137.603025,1376030.25,-346900.96
3,112,4209,新居町,34.694205,137.568888,1375688.88,-346942.05
3,112,9139,鷲津,34.71673,137.546168,1375461.68,-347167.3
3,112,4258,新所原,34.72325,137.484199,1374841.99,-347232.5
3,112,7209,二川,34.725783,137.438954,1374389.54,-347257.83
3,112,8206,豊橋,34.762822,137.381075,1373810.75,-347628.22
3,112,4799,西小坂井,34.797133,137.35257099999998,1373525.7099999997,-347971.33
3,112,193,愛知御津,34.812464,137.316573,1373165.73,-348124.64
3,112,2980,三河大塚,34.815769,137.28290900000002,1372829.09,-348157.69
3,112,2976,三河三谷,34.818462,137.2483,1372483.0,-348184.62
3,112,1269,蒲郡,34.822712,137.22736799999998,1372273.68,-348227.12000000005
3,112,2971,三河塩津,34.825488,137.201471,1372014.71,-348254.88
3,112,2945,三ヶ根,34.836319,137.176751,1371767.51,-348363.19000000006
3,112,2378,幸田,34.859594,137.16458400000002,1371645.84,-348595.94
3,112,9613,相見,34.887535,137.16038899999998,1371603.89,-348875.35
3,112,856,岡崎,34.925303,137.157263,1371572.63,-349253.02999999997
3,112,4724,西岡崎,34.946639000000005,137.122945,1371229.45,-349466.3900000001
3,112,270,安城,34.96047,137.086476,1370864.76,-349604.7
3,112,2968,三河安城,34.970308,137.061377,1370613.77,-349703.08
3,112,6659,東刈谷,34.977466,137.04367299999998,1370436.7299999997,-349774.66
3,112,9496,野田新町,34.983591,137.027908,1370279.08,-349835.91
3,112,1310,刈谷,34.991134,137.008833,1370088.33,-349911.34
3,112,203,逢妻,34.998241,136.990566,1369905.66,-349982.41
3,112,5747,大府,35.008794,136.961819,1369618.19,-350087.94
3,112,1765,共和,35.035402000000005,136.95454099999998,1369545.4099999997,-350354.0200000001
3,112,9555,南大高,35.054928000000004,136.948513,1369485.13,-350549.28
3,112,5596,大高,35.06912,136.94009599999998,1369400.9599999997,-350691.19999999995
3,112,1237,笠寺,35.09495,136.926374,1369263.74,-350949.5
3,112,7327,熱田,35.129723,136.910596,1369105.96,-351297.23
3,112,1879,金山（愛知県）,35.142944,136.901208,1369012.08,-351429.44
3,112,7739,尾頭橋,35.146609999999995,136.891403,1368914.03,-351466.1
3,112,8576,名古屋,35.170451,136.881095,1368810.95,-351704.51
3,112,7745,枇杷島,35.199645000000004,136.861205,1368612.05,-351996.45
3,112,4658,清洲,35.225572,136.83451599999998,1368345.1599999997,-352255.72
3,112,485,稲沢,35.253208,136.820933,1368209.33,-352532.08
3,112,7733,尾張一宮,35.301035,136.797822,1367978.22,-353010.35
3,112,8659,木曽川,35.348856,136.780987,1367809.87,-353488.56
3,112,1467,岐阜,35.409577,136.756489,1367564.89,-354095.76999999996
3,112,4740,西岐阜,35.404493,136.723159,1367231.59,-354044.93000000005
3,112,8168,穂積,35.396244,136.693995,1366939.95,-353962.44
3,112,5540,大垣,35.367044,136.617851,1366178.51,-353670.44
3,112,4541,垂井,35.369659000000006,136.53128700000002,1365312.87,-353696.5900000001
3,112,1345,関ヶ原,35.363853000000006,136.470709,1364707.09,-353638.5300000001
3,112,7424,柏原（滋賀県）,35.344715,136.402466,1364024.6600000001,-353447.15
3,112,1844,近江長岡,35.359018,136.374024,1363740.24,-353590.18
3,112,4962,醒ヶ井,35.327771000000006,136.345305,1363453.05,-353277.7100000001
3,112,8117,米原,35.314791,136.289435,1362894.3499999999,-353147.91
3,113,8206,豊橋,34.762822,137.381075,1373810.75,-347628.22
3,113,5293,船町,34.775525,137.374153,1373741.53,-347755.25
3,113,970,下地,34.780885,137.370625,1373706.25,-347808.85
3,113,3685,小坂井,34.797771999999995,137.363374,1373633.74,-347977.72
3,113,1685,牛久保,34.808521,137.381706,1373817.06,-348085.20999999996
3,113,8229,豊川（愛知県）,34.822631,137.397343,1373973.4300000002,-348226.31
3,113,2969,三河一宮,34.847934,137.414369,1374143.69,-348479.34
3,113,6224,長山,34.864378,137.431644,1374316.44,-348643.78
3,113,2440,江島,34.867905,137.441476,1374414.76,-348679.05
3,113,6732,東上,34.876126,137.45516899999998,1374551.69,-348761.26
3,113,8735,野田城,34.889070000000004,137.477722,1374777.22,-348890.7
3,113,4267,新城,34.900929999999995,137.49291499999998,1374929.15,-349009.29999999993
3,113,6739,東新町,34.906124,137.502997,1375029.97,-349061.24
3,113,6005,茶臼山,34.910208000000004,137.514219,1375142.19,-349102.08
3,113,2986,三河東郷,34.912096000000005,137.527301,1375273.01,-349120.9600000001
3,113,5536,大海,34.930068,137.549048,1375490.48,-349300.68
3,113,6285,鳥居,34.920624,137.551548,1375515.48,-349206.24
3,113,6225,長篠城,34.925874,137.564991,1375649.91,-349258.74
3,113,8491,本長篠,34.932596000000004,137.57674,1375767.4,-349325.96
3,113,2981,三河大野,34.951789,137.602932,1376029.32,-349517.88999999996
3,113,6903,湯谷温泉,34.97037,137.61304099999998,1376130.41,-349703.7
3,113,2992,三河槙原,34.988571,137.62088400000002,1376208.84,-349885.71
3,113,1202,柿平,34.990563,137.644177,1376441.77,-349905.63
3,113,2979,三河川合,35.001478999999996,137.664119,1376641.19,-350014.79
3,113,5944,池場,35.024367,137.703921,1377039.2100000002,-350243.67
3,113,6638,東栄,35.028811,137.713697,1377136.97,-350288.11
3,113,3575,出馬,35.049308,137.744249,1377442.49,-350493.08
3,113,3960,上市場,35.050003000000004,137.752443,1377524.43,-350500.03
3,113,628,浦川,35.056225,137.763692,1377636.92,-350562.25
3,113,5364,早瀬,35.060502,137.77508,1377750.8,-350605.02
3,113,956,下川合,35.069364,137.786217,1377862.17,-350693.64
3,113,6128,中部天竜,35.085390000000004,137.802799,1378027.99,-350853.9
3,113,2774,佐久間,35.09175,137.809742,1378097.42,-350917.5
3,113,5379,相月,35.114748,137.854182,1378541.82,-351147.48
3,113,4090,城西,35.131413,137.861986,1378619.86,-351314.13
3,113,2361,向市場,35.154161,137.869457,1378694.57,-351541.61000000004
3,113,4549,水窪,35.163216,137.870651,1378706.51,-351632.16
3,113,5780,大嵐,35.190406,137.818432,1378184.32,-351904.06000000006
3,113,3795,小和田,35.209903999999995,137.835929,1378359.29,-352099.0399999999
3,113,6017,中井侍,35.235874,137.834762,1378347.62,-352358.74000000005
3,113,360,伊那小沢,35.253954,137.834734,1378347.34,-352539.54
3,113,9191,鶯巣,35.267231,137.832512,1378325.12,-352672.31
3,113,8063,平岡,35.273425,137.853454,1378534.54,-352734.25000000006
3,113,409,為栗,35.311754,137.84861999999998,1378486.1999999997,-353117.54
3,113,896,温田,35.336168,137.841369,1378413.69,-353361.68
3,113,6510,田本,35.349056,137.83834199999998,1378383.42,-353490.56
3,113,8706,門島,35.375384000000004,137.814148,1378141.48,-353753.84
3,113,6601,唐笠,35.402353999999995,137.810258,1378102.58,-354023.54
3,113,1907,金野,35.418935,137.817201,1378172.01,-354189.35
3,113,5154,千代,35.429156,137.816784,1378167.84,-354291.56
3,113,6448,天竜峡,35.441266999999996,137.817229,1378172.29,-354412.67
3,113,5245,川路,35.452146,137.815951,1378159.51,-354521.45999999996
3,113,3321,時又,35.463986,137.827671,1378276.7100000002,-354639.86
3,113,5491,駄科,35.475541,137.83978100000002,1378397.81,-354755.41
3,113,8633,毛賀,35.487484,137.839364,1378393.64,-354874.84
3,113,366,伊那八幡,35.496817,137.841669,1378416.69,-354968.17
3,113,928,下山村,35.504149,137.83961299999999,1378396.13,-355041.49
3,113,6409,鼎,35.506648,137.828364,1378283.64,-355066.48
3,113,5103,切石,35.512341,137.808976,1378089.76,-355123.41
3,113,7624,飯田（長野県）,35.519702,137.82114199999998,1378211.4199999997,-355197.02
3,113,2901,桜町（長野県）,35.522118,137.829586,1378295.86,-355221.18
3,113,362,伊那上郷,35.520146999999994,137.838973,1378389.7300000002,-355201.47
3,113,2118,元善光寺,35.533757,137.861471,1378614.71,-355337.57
3,113,933,下市田,35.544229,137.87641399999998,1378764.14,-355442.29000000004
3,113,3222,市田,35.549255,137.886524,1378865.24,-355492.55000000005
3,113,993,下平,35.572559000000005,137.895883,1378958.83,-355725.59
3,113,3120,山吹,35.577753,137.903438,1379034.38,-355777.53
3,113,364,伊那大島,35.595696000000004,137.913159,1379131.59,-355956.96
3,113,4047,上片桐,35.617499,137.904131,1379041.31,-356174.99000000005
3,113,365,伊那田島,35.627192,137.910324,1379103.24,-356271.92
3,113,2541,高遠原,35.644579,137.900825,1379008.25,-356445.79
3,113,3371,七久保,35.654771999999994,137.911351,1379113.51,-356547.7199999999
3,113,369,伊那本郷,35.665327000000005,137.932571,1379325.71,-356653.2700000001
3,113,7627,飯島,35.677548,137.928877,1379288.77,-356775.48000000004
3,113,6483,田切,35.695546,137.932931,1379329.31,-356955.46
3,113,367,伊那福岡,35.712210999999996,137.933875,1379338.75,-357122.11
3,113,3732,小町屋,35.726709,137.935096,1379350.96,-357267.08999999997
3,113,1936,駒ヶ根,35.736236,137.936818,1379368.18,-357362.36
3,113,5726,大田切,35.748096000000004,137.940123,1379401.23,-357480.96
3,113,1661,宮田,35.767121,137.93878899999999,1379387.89,-357671.21
3,113,5100,赤木,35.777842,137.943927,1379439.27,-357778.42
3,113,5843,沢渡,35.80359,137.943981,1379439.81,-358035.9
3,113,979,下島（飯田線）,35.813196000000005,137.940263,1379402.63,-358131.96
3,113,359,伊那市,35.838419,137.959201,1379592.01,-358384.19
3,113,368,伊那北,35.845279,137.9642,1379642.0,-358452.79
3,113,6504,田畑,35.860939,137.97798999999998,1379779.8999999997,-358609.39
3,113,8379,北殿,35.879359,137.98408600000002,1379840.86,-358793.59
3,113,8642,木ノ下,35.900774,137.988001,1379880.01,-359007.74
3,113,361,伊那松島,35.913689,137.98861200000002,1379886.12,-359136.88999999996
3,113,5835,沢,35.936409000000005,137.985445,1379854.45,-359364.09
3,113,570,羽場（長野県）,35.952962,137.985167,1379851.67,-359529.62
3,113,363,伊那新町,35.968765999999995,137.984055,1379840.55,-359687.66
3,113,1671,宮木,35.976238,137.990554,1379905.54,-359762.38
3,113,5855,辰野,35.984543,137.99719299999998,1379971.9299999997,-359845.43
3,114,7979,武豊,34.853311,136.921022,1369210.22,-348533.11
3,114,6750,東成岩,34.874196999999995,136.92343799999998,1369234.3799999997,-348741.97
3,114,7595,半田,34.894166999999996,136.93052,1369305.2,-348941.67
3,114,891,乙川,34.903389000000004,136.941435,1369414.35,-349033.89
3,114,1525,亀崎,34.919053999999996,136.961072,1369610.72,-349190.54
3,114,6633,東浦,34.949717,136.970709,1369707.09,-349497.17
3,114,5061,石浜,34.967966,136.97293,1369729.2999999998,-349679.66
3,114,3618,緒川,34.981437,136.97187399999999,1369718.7399999998,-349814.37
3,114,7735,尾張森岡,34.993990999999994,136.970429,1369704.29,-349939.9099999999
3,114,5747,大府,35.008794,136.961819,1369618.19,-350087.94
15,243,856,岡崎,34.925303,137.157263,1371572.63,-349253.02999999997
15,243,9100,六名,34.94039,137.151777,1371517.77,-349403.9
15,243,6030,中岡崎,34.956249,137.152748,1371527.48,-349562.49
15,243,8282,北岡崎,34.972414,137.157498,1371574.98,-349724.14
15,243,5765,大門（愛知県）,34.982552,137.154552,1371545.52,-349825.51999999996
15,243,8414,北野桝塚,34.9963,137.139304,1371393.04,-349963.0
15,243,2978,三河上郷,35.012326,137.132859,1371328.5899999999,-350123.26
15,243,659,永覚,35.027296,137.138886,1371388.86,-350272.96
15,243,8531,末野原,35.039615000000005,137.147013,1371470.13,-350396.15
15,243,2991,三河豊田,35.055403999999996,137.15113300000002,1371511.33,-350554.04
15,243,4266,新上挙母,35.071875,137.151161,1371511.61,-350718.75
15,243,4369,新豊田,35.087872999999995,137.15346599999998,1371534.66,-350878.7299999999
15,243,9419,愛環梅坪,35.105193,137.160967,1371609.67,-351051.93
15,243,3181,四郷,35.121731,137.162714,1371627.14,-351217.31
15,243,9420,貝津,35.133065,137.148209,1371482.09,-351330.65
15,243,8157,保見,35.136672999999995,137.134521,1371345.21,-351366.7299999999
15,243,3396,篠原（愛知県）,35.15417,137.120911,1371209.11,-351541.7
15,243,9454,八草,35.175195,137.107217,1371072.17,-351751.95
15,243,3109,山口（愛知県）,35.197609,137.101911,1371019.11,-351976.09
15,243,4612,瀬戸口,35.206553,137.082106,1370821.06,-352065.52999999997
15,243,4613,瀬戸市,35.225939000000004,137.07841200000001,1370784.12,-352259.39
15,243,6082,中水野,35.249769,137.072217,1370722.17,-352497.69
15,243,2594,高蔵寺,35.264453,137.043276,1370432.76,-352644.53
43,328,1864,近鉄名古屋,35.1698,136.883195,1368831.95,-351698.0
43,328,8126,米野,35.161440999999996,136.879404,1368794.04,-351614.41
43,328,847,黄金（愛知県）,35.156358000000004,136.87071,1368707.1,-351563.58
43,328,545,烏森,35.152914,136.86379399999998,1368637.94,-351529.14
43,328,1861,近鉄八田,35.149553000000004,136.854398,1368543.98,-351495.53
43,328,7995,伏屋,35.140192,136.82788100000002,1368278.8100000003,-351401.92
43,328,2196,戸田（愛知県）,35.132582,136.807522,1368075.22,-351325.82
43,328,1850,近鉄蟹江,35.129637,136.795328,1367953.28,-351296.37
43,328,7868,富吉,35.123554,136.76946999999998,1367694.7,-351235.54
43,328,2779,佐古木,35.119554,136.75233300000002,1367523.3300000003,-351195.54000000004
43,328,1865,近鉄弥富,35.113582,136.727696,1367276.9600000002,-351135.82
43,328,1857,近鉄長島,35.097583,136.69606100000001,1366960.61,-350975.83
43,328,1995,桑名,35.066744,136.68351299999998,1366835.1299999997,-350667.44
43,328,674,益生,35.057837,136.678731,1366787.31,-350578.37
43,328,336,伊勢朝日,35.0382,136.66884299999998,1366688.4299999997,-350382.00000000006
43,328,7891,川越富洲原,35.016175,136.659706,1366597.06,-350161.74999999994
43,328,1863,近鉄富田,35.006496000000006,136.649327,1366493.27,-350064.9600000001
43,328,1114,霞ヶ浦,34.993342999999996,136.63679199999999,1366367.92,-349933.42999999993
43,328,159,阿倉川,34.98515,136.629293,1366292.93,-349851.5
43,328,5196,川原町,34.977179,136.623293,1366232.93,-349771.79
43,328,1854,近鉄四日市,34.96768,136.618628,1366186.28,-349676.8
43,328,4277,新正,34.956319,136.618433,1366184.33,-349563.19
43,328,1159,海山道,34.943265000000004,136.623017,1366230.1700000002,-349432.65
43,328,793,塩浜,34.932933,136.62223899999998,1366222.39,-349329.32999999996
43,328,8382,北楠,34.916407,136.624684,1366246.84,-349164.07
43,328,7179,楠,34.904992,136.63112900000002,1366311.2900000003,-349049.92
43,328,6235,長太ノ浦,34.891577000000005,136.626407,1366264.07,-348915.7700000001
43,328,8548,箕田,34.879523,136.62190800000002,1366219.08,-348795.23
43,328,326,伊勢若松,34.869413,136.616715,1366167.15,-348694.13
43,328,5157,千代崎,34.854692,136.60816,1366081.6,-348546.92
43,328,7456,白子,34.833999,136.58941299999998,1365894.13,-348339.99
43,328,2215,鼓ヶ浦,34.826167,136.58108000000001,1365810.8,-348261.67
43,328,438,磯山,34.812613,136.568776,1365687.7600000002,-348126.13
43,328,5178,千里（三重県）,34.798502,136.556112,1365561.12,-347985.02
43,328,8240,豊津上野,34.785281,136.542974,1365429.7399999998,-347852.81
43,328,7469,白塚,34.770756,136.53250400000002,1365325.0400000003,-347707.56
43,328,2617,高田本山,34.755006,136.51622700000001,1365162.2700000003,-347550.06
43,328,2422,江戸橋,34.744424,136.513978,1365139.78,-347444.24000000005
43,328,6303,津,34.734725,136.510473,1365104.73,-347347.25
43,328,6328,津新町,34.715649,136.499897,1364998.97,-347156.49
43,328,7037,南が丘,34.692040999999996,136.496454,1364964.54,-346920.41
43,328,1601,久居,34.675542,136.477817,1364778.17,-346755.42
43,328,6875,桃園,34.663266,136.47728999999998,1364772.9,-346632.66
43,328,335,伊勢中川,34.635214000000005,136.477901,1364779.01,-346352.1400000001
118,782,7745,枇杷島,35.199645000000004,136.861205,1368612.05,-351996.45
118,782,7737,尾張星の宮,35.212963,136.85506999999998,1368550.6999999997,-352129.63
118,782,3738,小田井,35.221185,136.88073400000002,1368807.34,-352211.85
118,782,7658,比良（愛知県）,35.228629,136.902371,1369023.71,-352286.29
118,782,8543,味美（東海交通線）,35.229478,136.932365,1369323.6500000001,-352294.78
118,782,3636,勝川,35.227868,136.952916,1369529.16,-352278.68
138,842,4367,新豊橋,34.761804999999995,137.38329099999999,1373832.91,-347618.04999999993
138,842,8808,柳生橋,34.754915999999994,137.388541,1373885.4100000001,-347549.1599999999
138,842,3727,小池,34.748834,137.388264,1373882.64,-347488.34
138,842,5542,愛知大学前,34.742251,137.38595800000002,1373859.58,-347422.51
138,842,7047,南栄,34.735696999999995,137.38579099999998,1373857.91,-347356.97
138,842,2573,高師,34.727252,137.38176399999998,1373817.6399999997,-347272.52
138,842,224,芦原,34.718393,137.38031999999998,1373803.1999999997,-347183.93
138,842,9208,植田（豊橋鉄道線）,34.711104,137.373243,1373732.43,-347111.04
138,842,2353,向ヶ丘,34.706032,137.367655,1373676.55,-347060.32
138,842,5657,大清水,34.695865999999995,137.358685,1373586.85,-346958.66
138,842,9076,老津,34.692228,137.33521499999998,1373352.1499999997,-346922.28
138,842,4591,杉山,34.680256,137.320688,1373206.88,-346802.56
138,842,135,やぐま台,34.673646000000005,137.309078,1373090.78,-346736.4600000001
138,842,8245,豊島,34.667590999999994,137.293747,1372937.47,-346675.9099999999
138,842,4439,神戸（愛知県）,34.66809,137.277692,1372776.92,-346680.89999999997
138,842,2984,三河田原,34.667007,137.269082,1372690.82,-346670.07
138,843,677,駅前（豊橋鉄道線）,34.763847,137.382956,1373829.56,-347638.47
138,843,9430,駅前大通,34.763134,137.38581200000002,1373858.12,-347631.34
138,843,4288,新川（愛知県）,34.762943,137.389401,1373894.01,-347629.43
138,843,2929,札木,34.764471,137.390207,1373902.07,-347644.71
138,843,3239,市役所前（豊橋鉄道線）,34.767276,137.392789,1373927.89,-347672.76
138,843,8207,豊橋公園前,34.766749,137.39565100000002,1373956.5100000002,-347667.49
138,843,6820,東八町,34.765943,137.40053899999998,1374005.39,-347659.43
138,843,5317,前畑,34.765803999999996,137.4044,1374044.0,-347658.04
138,843,6799,東田坂上,34.765777,137.408344,1374083.44,-347657.77
138,843,6798,東田,34.765332,137.413566,1374135.66,-347653.32
138,843,1762,競輪場前（愛知県）,34.765083000000004,137.417038,1374170.38,-347650.83
138,843,416,井原（愛知県）,34.76425,137.42181499999998,1374218.15,-347642.49999999994
138,843,5074,赤岩口,34.763472,137.428926,1374289.26,-347634.72000000003
138,844,416,井原（愛知県）,34.76425,137.42181499999998,1374218.15,-347642.49999999994
138,844,639,運動公園前（愛知県）,34.758528000000005,137.42228799999998,1374222.88,-347585.28
148,856,6092,中村区役所,35.167663,136.873154,1368731.54,-351676.62999999995
148,856,8576,名古屋,35.171118,136.88380700000002,1368838.0700000003,-351711.18
148,856,2663,国際センター（愛知県）,35.172051,136.889736,1368897.36,-351720.51
148,856,1368,丸の内（名古屋市営）,35.173122,136.898457,1368984.57,-351731.22
148,856,1593,久屋大通,35.173636,136.90831699999998,1369083.17,-351736.36000000004
148,856,2548,高岳,35.174108000000004,136.916178,1369161.78,-351741.08
148,856,3422,車道,35.173414,136.929204,1369292.04,-351734.14
148,856,2742,今池（愛知県）,35.169609,136.93731499999998,1369373.15,-351696.09
148,856,4537,吹上（愛知県）,35.158499,136.935094,1369350.94,-351584.99
148,856,2280,御器所,35.149889,136.933983,1369339.83,-351498.89
148,856,2889,桜山,35.140168,136.933428,1369334.28,-351401.68000000005
148,856,4583,瑞穂区役所,35.131918,136.934372,1369343.72,-351319.18
148,856,4582,瑞穂運動場西,35.124891999999996,136.935428,1369354.28,-351248.92
148,856,4273,新瑞橋,35.117948,136.93676200000002,1369367.62,-351179.48
148,856,2906,桜本町,35.109199,136.93678899999998,1369367.8899999997,-351091.99
148,856,6399,鶴里,35.105644,136.943927,1369439.27,-351056.44
148,856,8741,野並,35.102422,136.95526,1369552.6,-351024.22
148,856,9602,鳴子北,35.102672999999996,136.966204,1369662.04,-351026.73
148,856,9600,相生山,35.102451,136.976397,1369763.97,-351024.51
148,856,9599,神沢,35.098618,136.98928600000002,1369892.86,-350986.18
148,856,9601,徳重,35.094577,136.99799299999998,1369979.9299999997,-350945.77
148,857,3971,上小田井,35.223634999999994,136.876822,1368768.22,-352236.3499999999
148,857,3804,庄内緑地公園,35.215714,136.88648500000002,1368864.8500000003,-352157.13999999996
148,857,3803,庄内通,35.204326,136.890929,1368909.29,-352043.26
148,857,4118,浄心,35.192021999999994,136.89079099999998,1368907.9099999997,-351920.22
148,857,5264,浅間町,35.183772999999995,136.890374,1368903.74,-351837.7299999999
148,857,1368,丸の内（名古屋市営）,35.174663,136.896874,1368968.74,-351746.63
148,857,7996,伏見（愛知県）,35.169052,136.897596,1368975.96,-351690.52
148,857,5651,大須観音,35.16072,136.898152,1368981.52,-351607.19999999995
148,857,3993,上前津,35.157331,136.906596,1369065.96,-351573.31
148,857,6397,鶴舞,35.156108,136.915584,1369155.8399999999,-351561.08
148,857,2501,荒畑,35.149611,136.925289,1369252.89,-351496.11
148,857,2280,御器所,35.149889,136.933983,1369339.83,-351498.89
148,857,5244,川名,35.14875,136.948342,1369483.42,-351487.5
148,857,28,いりなか,35.143224,136.95537,1369553.7,-351432.24
148,857,7524,八事,35.137113,136.963758,1369637.58,-351371.13
148,857,779,塩釜口,35.132391999999996,136.977591,1369775.91,-351323.92
148,857,4125,植田（名古屋市営）,35.128597,136.988066,1369880.6600000001,-351285.97
148,857,2122,原（愛知県）,35.125893,136.9972,1369972.0,-351258.93
148,857,8080,平針,35.122671999999994,137.00731100000002,1370073.11,-351226.72
148,857,5091,赤池（愛知県）,35.120977,137.018004,1370180.0399999998,-351209.77
148,858,2625,高畑,35.13986,136.853351,1368533.51,-351398.6
148,858,7552,八田（名古屋市営）,35.149019,136.853252,1368532.52,-351490.19
148,858,1433,岩塚,35.158747,136.854489,1368544.89,-351587.47
148,858,6093,中村公園,35.167829,136.854961,1368549.61,-351678.29
148,858,6094,中村日赤,35.172385,136.861766,1368617.66,-351723.85
148,858,8473,本陣,35.177106,136.86676599999998,1368667.66,-351771.06
148,858,1531,亀島,35.177412,136.877402,1368774.0199999998,-351774.12
148,858,8576,名古屋,35.171118,136.88380700000002,1368838.0700000003,-351711.18
148,858,7996,伏見（愛知県）,35.169052,136.897596,1368975.96,-351690.52
148,858,651,栄（愛知県）,35.169886,136.908429,1369084.29,-351698.86
148,858,4175,新栄町（愛知県）,35.170719,136.920372,1369203.72,-351707.19
148,858,5141,千種,35.170652000000004,136.930119,1369301.19,-351706.52
148,858,2742,今池（愛知県）,35.169609,136.93731499999998,1369373.15,-351696.09
148,858,5940,池下,35.167776,136.946092,1369460.92,-351677.76
148,858,1205,覚王山,35.166526,136.952619,1369526.19,-351665.25999999995
148,858,8465,本山（愛知県）,35.163942999999996,136.963618,1369636.18,-351639.42999999993
148,858,6707,東山公園（愛知県）,35.160583,136.972673,1369726.7299999997,-351605.83
148,858,4643,星ヶ丘（愛知県）,35.162389000000005,136.985089,1369850.89,-351623.8900000001
148,858,453,一社,35.168222,136.995921,1369959.2100000002,-351682.22
148,858,3963,上社,35.173499,137.006476,1370064.76,-351734.99
148,858,8453,本郷（愛知県）,35.175221,137.01339099999998,1370133.91,-351752.21
148,858,6924,藤が丘（愛知県）,35.182443,137.021307,1370213.07,-351824.43
148,859,94,ナゴヤドーム前矢田,35.190857,136.944342,1369443.4200000002,-351908.57
148,859,5676,大曽根,35.192514,136.93661,1369366.1,-351925.14
148,859,8059,平安通,35.195910999999995,136.929731,1369297.31,-351959.1099999999
148,859,3256,志賀本通,35.196216,136.921066,1369210.66,-351962.16
148,859,2703,黒川（愛知県）,35.197077,136.910177,1369101.77,-351970.77
148,859,8582,名城公園,35.19055,136.904595,1369045.95,-351905.5
148,859,3238,市役所（名古屋市営）,35.181413,136.905484,1369054.84,-351814.13
148,859,1593,久屋大通,35.173636,136.90831699999998,1369083.17,-351736.36000000004
148,859,651,栄（愛知県）,35.169886,136.908429,1369084.29,-351698.86
148,859,8772,矢場町,35.163776,136.908984,1369089.84,-351637.76
148,859,3993,上前津,35.157331,136.906596,1369065.96,-351573.31
148,859,6849,東別院,35.149916,136.90451299999998,1369045.13,-351499.16
148,859,1879,金山（愛知県）,35.142944,136.901208,1369012.08,-351429.44
148,859,4772,西高蔵,35.134833,136.90170700000002,1369017.07,-351348.33
148,859,4437,神宮西,35.12764,136.906846,1369068.46,-351276.4
148,859,6453,伝馬町,35.120836,136.91043,1369104.2999999998,-351208.36
148,859,8436,堀田（名古屋市営）,35.116615,136.921673,1369216.73,-351166.15
148,859,8554,妙音通,35.117031,136.929595,1369295.95,-351170.31
148,859,4273,新瑞橋,35.117948,136.93676200000002,1369367.62,-351179.48
148,859,9384,瑞穂運動場東,35.123089,136.948655,1369486.55,-351230.89
148,859,9385,総合リハビリセンター,35.130399,136.954557,1369545.5699999998,-351303.99
148,859,7524,八事,35.136782000000004,136.96434,1369643.4,-351367.82000000007
148,859,9388,八事日赤,35.144968,136.964675,1369646.75,-351449.68
148,859,9362,名古屋大学,35.153875,136.966488,1369664.88,-351538.75
148,859,8465,本山（愛知県）,35.163942999999996,136.963618,1369636.18,-351639.42999999993
148,859,9360,自由ヶ丘（愛知県）,35.175498,136.966496,1369664.96,-351754.98
148,859,9361,茶屋ヶ坂,35.184519,136.962618,1369626.18,-351845.19
148,859,2812,砂田橋,35.188718,136.954452,1369544.52,-351887.18
148,859,94,ナゴヤドーム前矢田,35.190857,136.944342,1369443.4200000002,-351908.57
148,860,1879,金山（愛知県）,35.142944,136.901208,1369012.08,-351429.44
148,860,7291,日比野（名古屋市営）,35.132697,136.893091,1368930.91,-351326.97000000003
148,860,9097,六番町,35.124029,136.888237,1368882.37,-351240.29
148,860,6654,東海通,35.113391,136.885933,1368859.3299999998,-351133.91
148,860,2449,港区役所,35.105726000000004,136.884544,1368845.44,-351057.26000000007
148,860,5965,築地口,35.099837,136.883128,1368831.28,-350998.37
148,860,8578,名古屋港,35.093059999999994,136.88190600000001,1368819.06,-350930.5999999999
148,1002,8059,平安通,35.195910999999995,136.929731,1369297.31,-351959.1099999999
148,1002,4038,上飯田,35.203297,136.929642,1369296.42,-352032.97
149,862,5479,太田川,35.020207,136.892574,1368925.74,-350202.07
149,862,2542,高横須賀,35.009709,136.893714,1368937.14,-350097.09
149,862,7053,南加木屋,34.989351,136.90690800000002,1369069.08,-349893.51
149,862,7563,八幡新田,34.973908,136.912574,1369125.74,-349739.08
149,862,5856,巽ヶ丘,34.962271,136.915574,1369155.74,-349622.71
149,862,7465,白沢（愛知県）,34.954993,136.915463,1369154.63,-349549.93
149,862,2856,坂部,34.940940000000005,136.916686,1369166.8599999999,-349409.4
149,862,147,阿久比,34.931329,136.918408,1369184.08,-349313.29
149,862,4124,植大,34.917497999999995,136.923437,1369234.37,-349174.9799999999
149,862,7596,半田口,34.909165,136.92552,1369255.2,-349091.65
149,862,3512,住吉町,34.902194,136.92574199999999,1369257.42,-349021.94
149,862,5919,知多半田,34.894084,136.92590900000002,1369259.09,-348940.83999999997
149,862,4632,成岩,34.886278999999995,136.921854,1369218.54,-348862.7899999999
149,862,7116,青山（愛知県）,34.878696000000005,136.917132,1369171.32,-348786.9600000001
149,862,3904,上ゲ,34.858309999999996,136.916411,1369164.11,-348583.1
149,862,5920,知多武豊,34.850589,136.916523,1369165.2300000002,-348505.89
149,862,7867,富貴,34.829229999999995,136.916662,1369166.62,-348292.29999999993
149,862,1090,河和口,34.797233,136.91891299999997,1369189.1299999997,-347972.32999999996
149,862,1089,河和,34.778013,136.912025,1369120.25,-347780.13
149,864,1269,蒲郡,34.822778,137.22589399999998,1372258.9399999997,-348227.77999999997
149,864,1270,蒲郡競艇場前,34.825431,137.201971,1372019.71,-348254.31
149,864,2977,三河鹿島,34.813322,137.189806,1371898.06,-348133.22
149,864,2020,形原,34.798322999999996,137.184529,1371845.29,-347983.23
149,864,4715,西浦,34.789907,137.17861299999998,1371786.13,-347899.07
149,864,56,こどもの国（愛知県）,34.788546000000004,137.16286499999998,1371628.65,-347885.46
149,864,6818,東幡豆,34.789462,137.145894,1371458.94,-347894.62
149,864,4912,西幡豆,34.792322,137.121063,1371210.63,-347923.22
149,864,2983,三河鳥羽,34.793209999999995,137.105174,1371051.74,-347932.1
149,864,1583,吉良吉田,34.793904,137.070789,1370707.89,-347939.04
149,866,6826,東枇杷島,35.190049,136.870264,1368702.64,-351900.49
149,866,937,下小田井,35.202603,136.87073600000002,1368707.3600000003,-352026.03
149,866,6073,中小田井,35.214713,136.87676299999998,1368767.63,-352147.13
149,866,3971,上小田井,35.223634999999994,136.876822,1368768.22,-352236.3499999999
149,866,4793,西春,35.244709,136.871179,1368711.79,-352447.09
149,866,6980,徳重・名古屋芸大,35.255819,136.873317,1368733.17,-352558.19
149,866,5621,大山寺,35.263428999999995,136.874761,1368747.61,-352634.29
149,866,1424,岩倉（愛知県）,35.2779,136.87356699999998,1368735.6699999997,-352779.0
149,866,5063,石仏,35.295454,136.870927,1368709.27,-352954.54
149,866,7914,布袋,35.317062,136.872954,1368729.54,-353170.62
149,866,2441,江南（愛知県）,35.334866,136.872203,1368722.03,-353348.66
149,866,7429,柏森,35.344782,136.900284,1369002.84,-353447.82
149,866,7927,扶桑,35.359587,136.916032,1369160.32,-353595.87
149,866,8672,木津用水,35.36678,136.925947,1369259.47,-353667.8
149,866,2087,犬山口,35.374224,136.939808,1369398.08,-353742.24
149,866,2086,犬山,35.37989,136.945473,1369454.73,-353798.9
149,866,2088,犬山遊園,35.390334,136.94689,1369468.9,-353903.34
149,866,4173,新鵜沼,35.396749,136.944278,1369442.78,-353967.49
149,867,2086,犬山,35.37989,136.945473,1369454.73,-353798.9
149,867,7864,富岡前,35.379585999999996,136.96230500000001,1369623.05,-353795.86
149,867,5323,善師野,35.389834,136.97996899999998,1369799.69,-353898.34
149,867,4728,西可児,35.404806,137.010661,1370106.61,-354048.06
149,867,1042,可児川,35.418054999999995,137.01866,1370186.6,-354180.54999999993
149,867,7295,日本ライン今渡,35.432303000000005,137.03688,1370368.8,-354323.03
149,867,4186,新可児,35.423415999999996,137.055656,1370556.56,-354234.16
149,867,8603,明智（名鉄線）,35.433198,137.087513,1370875.1300000001,-354331.98
149,867,1448,顔戸,35.434583,137.105124,1371051.24,-354345.83
149,867,2291,御嵩口,35.431389,137.121622,1371216.22,-354313.89
149,867,2290,御嵩,35.429639,137.127483,1371274.83,-354296.39
149,868,8131,碧南,34.874004,136.985627,1369856.27,-348740.04
149,868,8132,碧南中央,34.887281,136.989376,1369893.76,-348872.81
149,868,4294,新川町（愛知県）,34.896752,136.99020900000002,1369902.0900000003,-348967.52
149,868,8344,北新川,34.906056,136.992486,1369924.86,-349060.56
149,868,2634,高浜港,34.92161,136.989486,1369894.86,-349216.10000000003
149,868,2975,三河高浜,34.930803999999995,136.98993000000002,1369899.3,-349308.0399999999
149,868,1568,吉浜（愛知県）,34.946746000000005,136.989568,1369895.68,-349467.46
149,868,3657,小垣江,34.963645,136.99531399999998,1369953.14,-349636.45
149,868,1311,刈谷市,34.984687,136.993788,1369937.88,-349846.87
149,868,1310,刈谷,34.990751,137.00879,1370087.9000000001,-349907.51
149,868,3549,重原,34.995047,137.02375800000002,1370237.58,-349950.47
149,868,5924,知立,35.006184999999995,137.039617,1370396.17,-350061.85
149,868,2982,三河知立,35.003907,137.045229,1370452.29,-350039.07
149,868,2989,三河八橋,35.010824,137.077364,1370773.64,-350108.24
149,868,3442,若林（愛知県）,35.026157,137.095695,1370956.95,-350261.56999999995
149,868,5977,竹村,35.0401,137.114498,1371144.98,-350401.0
149,868,6567,土橋（愛知県）,35.058237,137.129719,1371297.19,-350582.37
149,868,3931,上挙母,35.072069,137.15477099999998,1371547.7099999997,-350720.69
149,868,8242,豊田市,35.087151,137.156243,1371562.43,-350871.51
149,868,7399,梅坪,35.099539,137.162353,1371623.53,-350995.39
149,868,681,越戸,35.107649,137.179991,1371799.91,-351076.49000000005
149,868,8072,平戸橋,35.114755,137.184727,1371847.27,-351147.55000000005
149,868,757,猿投,35.122398,137.178934,1371789.34,-351223.98
149,869,4038,上飯田,35.203297,136.929642,1369296.42,-352032.97
149,869,8545,味鋺,35.222266999999995,136.93598300000002,1369359.8300000003,-352222.6699999999
149,869,8544,味美（名鉄線）,35.235087,136.93713799999998,1369371.3799999997,-352350.87
149,869,3585,春日井（名鉄線）,35.250324,136.93622299999998,1369362.2299999997,-352503.24
149,869,1686,牛山,35.264043,136.93125600000002,1369312.5600000003,-352640.43
149,869,1341,間内,35.271623999999996,136.931173,1369311.73,-352716.23999999993
149,869,3762,小牧口,35.281735,136.92764499999998,1369276.45,-352817.35
149,869,3760,小牧,35.289188,136.9282,1369282.0,-352891.88
149,869,3761,小牧原,35.298711,136.935295,1369352.95,-352987.11
149,869,8540,味岡,35.308593,136.94000400000002,1369400.0400000003,-353085.93
149,869,6465,田県神社前,35.317481,136.94364199999998,1369436.42,-353174.81
149,869,1227,楽田,35.330674,136.950086,1369500.86,-353306.74
149,869,562,羽黒（愛知県）,35.351394,136.952501,1369525.01,-353513.94
149,869,2086,犬山,35.37989,136.945473,1369454.73,-353798.9
149,870,4438,神宮前,35.125474,136.912597,1369125.97,-351254.74
149,870,8244,豊田本町,35.11367,136.910763,1369107.6300000001,-351136.7
149,870,6970,道徳,35.105588,136.90948600000002,1369094.86,-351055.87999999995
149,870,5590,大江（愛知県）,35.093255,136.91273700000002,1369127.37,-350932.55
149,870,5732,大同町,35.08034,136.909321,1369093.21,-350803.4
149,870,3410,柴田,35.072814,136.909127,1369091.27,-350728.14
149,870,8592,名和（愛知県）,35.060871,136.911543,1369115.43,-350608.70999999996
149,870,9171,聚楽園,35.042871999999996,136.902989,1369029.89,-350428.72
149,870,4340,新日鉄前,35.035067,136.899407,1368994.07,-350350.67
149,870,5479,太田川,35.020207,136.892574,1368925.74,-350202.07
149,870,7734,尾張横須賀,35.010958,136.886269,1368862.69,-350109.58
149,870,3317,寺本,35.000265,136.875465,1368754.65,-350002.64999999997
149,870,6170,朝倉（愛知県）,34.993655,136.86363300000002,1368636.3300000003,-349936.55
149,870,2154,古見（愛知県）,34.987766,136.856606,1368566.06,-349877.66000000003
149,870,6203,長浦（愛知県）,34.97835,136.847635,1368476.3499999999,-349783.5
149,870,7282,日長,34.961684999999996,136.831942,1368319.42,-349616.85
149,870,4363,新舞子,34.949631,136.828499,1368284.99,-349496.30999999994
149,870,5774,大野町,34.935438,136.82744399999999,1368274.44,-349354.38
149,870,4704,西ノ口,34.924646,136.826887,1368268.8699999999,-349246.46
149,870,1275,蒲池（愛知県）,34.915273,136.825639,1368256.39,-349152.73
149,870,738,榎戸（愛知県）,34.904941,136.828168,1368281.6800000002,-349049.41000000003
149,870,5445,多屋,34.897081,136.830723,1368307.23,-348970.81
149,870,4100,常滑,34.891109,136.835084,1368350.8399999999,-348911.09
149,871,655,栄町（愛知県）,35.170524,136.908734,1369087.34,-351705.24
149,871,6779,東大手,35.183384000000004,136.9084,1369084.0,-351833.84
149,871,4659,清水（愛知県）,35.187134,136.913677,1369136.77,-351871.34
149,871,7227,尼ヶ坂,35.187911,136.919177,1369191.77,-351879.11
149,871,4387,森下（愛知県）,35.188245,136.929426,1369294.26,-351882.45
149,871,5676,大曽根,35.191533,136.936874,1369368.74,-351915.33
149,871,8779,矢田（愛知県）,35.193606,136.94800800000002,1369480.08,-351936.06
149,871,3449,守山自衛隊前,35.196189000000004,136.95758999999998,1369575.9,-351961.89
149,871,7818,瓢箪山（愛知県）,35.197134000000005,136.964256,1369642.56,-351971.3400000001
149,871,3752,小幡,35.200106,136.975561,1369755.61,-352001.06
149,871,1456,喜多山（愛知県）,35.205104999999996,136.98792,1369879.2,-352051.05
149,871,5643,大森・金城学院前,35.206967,136.99655800000002,1369965.5800000003,-352069.67
149,871,497,印場,35.210995000000004,137.010641,1370106.41,-352109.95
149,871,213,旭前,35.214216,137.019667,1370196.67,-352142.16000000003
149,871,7732,尾張旭,35.216684,137.03652,1370365.2,-352166.84
149,871,3000,三郷（愛知県）,35.216273,137.052331,1370523.31,-352162.73
149,871,4578,水野,35.224216999999996,137.069802,1370698.02,-352242.17
149,871,4275,新瀬戸,35.22555,137.077745,1370777.45,-352255.5
149,871,4614,瀬戸市役所前,35.225023,137.084133,1370841.33,-352250.23
149,871,7736,尾張瀬戸,35.224971000000004,137.097221,1370972.21,-352249.71
149,872,1583,吉良吉田,34.793904,137.070789,1370707.89,-347939.04
149,872,3923,上横須賀,34.830095,137.072121,1370721.2100000002,-348300.95
149,872,8027,福地,34.84462,137.048428,1370484.28,-348446.2
149,872,4915,西尾,34.863785,137.057594,1370575.94,-348637.85
149,872,4916,西尾口,34.870701000000004,137.06261999999998,1370626.1999999997,-348707.01000000007
149,872,2902,桜町前,34.880365999999995,137.062231,1370622.31,-348803.66
149,872,8123,米津,34.892948,137.060897,1370608.9700000002,-348929.48
149,872,9541,南桜井（愛知県）,34.90606,137.077053,1370770.53,-349060.6
149,872,8129,桜井（愛知県）,34.917558,137.088311,1370883.11,-349175.58
149,872,8130,堀内公園,34.92739,137.08953300000002,1370895.33,-349273.9
149,872,8128,碧海古井,34.937027,137.090644,1370906.44,-349370.27
149,872,7039,南安城,34.951831,137.092449,1370924.49,-349518.31
149,872,8267,北安城,34.964636,137.092031,1370920.3099999998,-349646.36
149,872,4163,新安城,34.986771999999995,137.085336,1370853.36,-349867.72
149,874,7867,富貴,34.829229999999995,136.916662,1369166.62,-348292.29999999993
149,874,4068,上野間,34.807231,136.866751,1368667.51,-348072.31
149,874,7792,美浜緑苑,34.800232,136.862973,1368629.7300000002,-348002.32
149,874,5918,知多奥田,34.786983,136.864474,1368644.74,-347869.83
149,874,8712,野間,34.772290999999996,136.860531,1368605.31,-347722.91
149,874,7014,内海（愛知県）,34.744766,136.875002,1368750.02,-347447.66
149,875,5590,大江（愛知県）,35.093255,136.91273700000002,1369127.37,-350932.55
149,875,6856,東名古屋港,35.088978000000004,136.899099,1368990.99,-350889.78
149,877,4518,須ヶ口,35.198935999999996,136.84571100000002,1368457.1100000003,-351989.36
149,877,4508,甚目寺,35.195992,136.825435,1368254.35,-351959.92
149,877,3383,七宝,35.195824,136.806547,1368065.47,-351958.24
149,877,8673,木田,35.195297,136.78791,1367879.1,-351952.97
149,877,4979,青塚,35.198685,136.767134,1367671.34,-351986.85
149,877,3639,勝幡,35.195212,136.750108,1367501.08,-351952.12
149,877,6950,藤浪,35.188907,136.73885900000002,1367388.59,-351889.07
149,877,6334,津島,35.178103,136.730999,1367309.99,-351781.03
149,880,6334,津島,35.178103,136.730999,1367309.99,-351781.03
149,880,6195,町方,35.189741,136.72711,1367271.1,-351897.41
149,880,9101,六輪,35.202183000000005,136.72913799999998,1367291.38,-352021.8300000001
149,880,9161,渕高,35.21396,136.727248,1367272.48,-352139.6
149,880,1381,丸渕,35.222403,136.72897,1367289.7,-352224.03
149,880,3930,上丸渕,35.233846,136.732525,1367325.25,-352338.46
149,880,4395,森上,35.247539,136.736913,1367369.13,-352475.39
149,880,3112,山崎（愛知県）,35.256427,136.739607,1367396.07,-352564.27
149,880,1814,玉野,35.266009000000004,136.747717,1367477.17,-352660.09
149,880,7412,萩原（愛知県）,35.276981,136.757576,1367575.76,-352769.81
149,880,7196,二子,35.283786,136.765715,1367657.15,-352837.86
149,880,1313,苅安賀,35.287147,136.778213,1367782.13,-352871.47
149,880,1332,観音寺（愛知県）,35.289731,136.78612900000002,1367861.2900000003,-352897.31000000006
149,880,4170,名鉄一宮,35.301368,136.797211,1367972.11,-353013.68
149,880,4709,西一宮,35.307478,136.79218400000002,1367921.8400000003,-353074.78
149,880,1187,開明,35.319309999999994,136.774212,1367742.12,-353193.0999999999
149,880,805,奥町,35.324391999999996,136.761186,1367611.86,-353243.92
149,880,1793,玉ノ井,35.334946,136.758102,1367581.02,-353349.46
149,881,6334,津島,35.178103,136.730999,1367309.99,-351781.03
149,881,7292,日比野（名鉄尾西線）,35.163804,136.72866399999998,1367286.64,-351638.04
149,881,2766,佐屋,35.147523,136.716502,1367165.02,-351475.23
149,881,2216,五ノ三,35.129441,136.71133600000002,1367113.36,-351294.41
149,881,8759,弥富,35.113865999999994,136.72536200000002,1367253.62,-351138.6599999999
149,883,8230,豊川稲荷,34.822326000000004,137.39651,1373965.1,-348223.26000000007
149,883,470,稲荷口,34.818381,137.387594,1373875.9400000002,-348183.81
149,883,4517,諏訪町,34.823547999999995,137.37053999999998,1373705.3999999997,-348235.48
149,883,7557,八幡（愛知県）,34.829128999999995,137.351986,1373519.86,-348291.2899999999
149,883,2670,国府（愛知県）,34.837406,137.327792,1373277.92,-348374.06
149,884,5091,赤池（愛知県）,35.120977,137.018004,1370180.0399999998,-351209.77
149,884,7274,日進（愛知県）,35.118256,137.048696,1370486.96,-351182.56
149,884,8127,米野木,35.123616999999996,137.06686100000002,1370668.61,-351236.17
149,884,2695,黒笹,35.127645,137.091386,1370913.86,-351276.45
149,884,3009,三好ヶ丘,35.126868,137.111301,1371113.01,-351268.68
149,884,4119,浄水,35.121147,137.137077,1371370.77,-351211.47000000003
149,884,4050,上豊田,35.115981,137.15502,1371550.2000000002,-351159.81
149,884,7399,梅坪,35.099539,137.162353,1371623.53,-350995.39
149,885,8206,豊橋,34.763054,137.38196000000002,1373819.6,-347630.54
149,885,357,伊奈,34.803049,137.354848,1373548.48,-348030.49
149,885,3744,小田渕,34.814714,137.345542,1373455.42,-348147.14
149,885,2670,国府（愛知県）,34.837406,137.327792,1373277.92,-348374.06
149,885,2305,御油,34.845905,137.321516,1373215.16,-348459.05000000005
149,885,8588,名電赤坂,34.859208,137.31096100000002,1373109.61,-348592.08
149,885,8589,名電長沢,34.871429,137.288295,1372882.95,-348714.29
149,885,8468,本宿（愛知県）,34.893231,137.259185,1372591.85,-348932.31
149,885,8587,名電山中,34.899508000000004,137.242548,1372425.48,-348995.08
149,885,6940,藤川,34.913228000000004,137.21846599999998,1372184.6599999997,-349132.28
149,885,7755,美合,34.923532,137.19646799999998,1371964.6799999997,-349235.32
149,885,5911,男川,34.937336,137.18316299999998,1371831.63,-349373.36000000004
149,885,6642,東岡崎,34.95175,137.167497,1371674.97,-349517.49999999994
149,885,857,岡崎公園前,34.954888000000004,137.153387,1371533.87,-349548.88000000006
149,885,8771,矢作橋,34.96097,137.139777,1371397.77,-349609.7
149,885,525,宇頭,34.97133,137.11783400000002,1371178.34,-349713.30000000005
149,885,4163,新安城,34.986771999999995,137.085336,1370853.36,-349867.72
149,885,1688,牛田（愛知県）,34.999186,137.06067099999999,1370606.71,-349991.86000000004
149,885,5924,知立,35.006184999999995,137.039617,1370396.17,-350061.85
149,885,443,一ツ木,35.013379,137.02553500000002,1370255.35,-350133.79
149,885,7889,富士松,35.029737,137.016119,1370161.19,-350297.37
149,885,8252,豊明,35.041125,137.008035,1370080.35,-350411.25
149,885,5308,前後,35.05254,136.99523100000002,1369952.3100000003,-350525.4
149,885,6039,中京競馬場前,35.061594,136.980759,1369807.59,-350615.94
149,885,8842,有松,35.067704,136.971009,1369710.09,-350677.04
149,885,2805,左京山,35.070481,136.960372,1369603.72,-350704.81
149,885,8608,鳴海,35.078452,136.951206,1369512.06,-350784.51999999996
149,885,8474,本星崎,35.087368,136.93729,1369372.9,-350873.68
149,885,8447,本笠寺,35.099089,136.933429,1369334.2899999998,-350990.89
149,885,2879,桜（愛知県）,35.106004999999996,136.93467900000002,1369346.7900000003,-351060.05
149,885,2182,呼続,35.114670000000004,136.930206,1369302.06,-351146.7
149,885,8437,堀田（名鉄線）,35.120165,136.920002,1369200.02,-351201.65
149,885,4438,神宮前,35.125474,136.912597,1369125.97,-351254.74
149,885,1879,金山（愛知県）,35.142944,136.901208,1369012.08,-351429.44
149,885,95,山王（愛知県）,35.151776,136.88876399999998,1368887.64,-351517.76
149,885,4372,名鉄名古屋,35.169785,136.883828,1368838.28,-351697.85
149,885,654,栄生,35.183744,136.872903,1368729.03,-351837.43999999994
149,885,6826,東枇杷島,35.190049,136.870264,1368702.64,-351900.49
149,885,4917,西枇杷島,35.195132,136.86520900000002,1368652.0900000003,-351951.32
149,885,7184,二ツ杁,35.19477,136.859098,1368590.98,-351947.7
149,885,4292,新川橋,35.195326,136.852404,1368524.04,-351953.26
149,885,4518,須ヶ口,35.198935999999996,136.84571100000002,1368457.1100000003,-351989.36
149,885,1367,丸ノ内（名鉄線）,35.204547,136.842028,1368420.28,-352045.47
149,885,4278,新清洲,35.211463,136.835322,1368353.22,-352114.63
149,885,5781,大里,35.226321999999996,136.81843500000002,1368184.3500000003,-352263.22
149,885,806,奥田,35.235459000000006,136.810851,1368108.5100000002,-352354.5900000001
149,885,2673,国府宮,35.254234999999994,136.80301799999998,1368030.1799999997,-352542.3499999999
149,885,6621,島氏永,35.270705,136.800906,1368009.06,-352707.05
149,885,8555,妙興寺,35.286676,136.79818400000002,1367981.8400000003,-352866.76
149,885,4170,名鉄一宮,35.301368,136.797211,1367972.11,-353013.68
149,885,2723,今伊勢,35.318366,136.78921100000002,1367892.1100000003,-353183.66
149,885,5059,石刀,35.326254,136.785322,1367853.22,-353262.54
149,885,4377,新木曽川,35.341808,136.779378,1367793.78,-353418.08
149,885,2710,黒田（愛知県）,35.350167,136.777433,1367774.33,-353501.67
149,885,8660,木曽川堤,35.364943,136.770489,1367704.89,-353649.43
149,885,1238,笠松,35.374609,136.764656,1367646.56,-353746.08999999997
149,885,1465,岐南,35.389829,136.76921000000002,1367692.1,-353898.29
149,885,6009,茶所,35.402161,136.768932,1367689.32,-354021.61
149,885,1030,加納（岐阜県）,35.405134000000004,136.766405,1367664.0499999998,-354051.34
149,885,4202,名鉄岐阜,35.410965999999995,136.760655,1367606.55,-354109.66
149,1057,4100,常滑,34.891109,136.835084,1368350.8399999999,-348911.09
149,1057,9415,りんくう常滑,34.879677,136.82826,1368282.6,-348796.77
149,1057,9406,中部国際空港,34.860556,136.81606200000002,1368160.62,-348605.56
170,1028,8576,名古屋,35.168719,136.88222,1368822.2,-351687.19
170,1028,9378,ささしまライブ,35.161364,136.881276,1368812.7600000002,-351613.64
170,1028,9383,小本（愛知県）,35.149257,136.861325,1368613.25,-351492.57
170,1028,9381,荒子,35.140124,136.861862,1368618.62,-351401.24
170,1028,9387,南荒子,35.13157,136.861859,1368618.59,-351315.7
170,1028,9386,中島（愛知県）,35.125032,136.861451,1368614.5099999998,-351250.31999999995
170,1028,9389,名古屋競馬場前,35.114308,136.862665,1368626.65,-351143.08
170,1028,9382,荒子川公園,35.104501,136.861208,1368612.08,-351045.01
170,1028,9379,稲永,35.091463,136.863249,1368632.49,-350914.62999999995
170,1028,9390,野跡,35.075129,136.85407,1368540.7000000002,-350751.29
170,1028,9380,金城ふ頭,35.048262,136.848233,1368482.3299999998,-350482.62
171,1058,6924,藤が丘（愛知県）,35.182068,137.021849,1370218.49,-351820.68
171,1058,9417,はなみずき通,35.177551,137.03524099999998,1370352.41,-351775.51
171,1058,9427,杁ヶ池公園,35.171826,137.037598,1370375.98,-351718.26
171,1058,9423,長久手古戦場,35.171576,137.050049,1370500.49,-351715.76
171,1058,9421,芸大通,35.171889,137.061139,1370611.39,-351718.89
171,1058,9422,公園西,35.174329,137.076751,1370767.51,-351743.29
171,1058,9426,愛・地球博記念公園,35.177613,137.087426,1370874.26,-351776.13
171,1058,9424,陶磁資料館南,35.179217,137.097409,1370974.09,-351792.17000000004
171,1058,9454,八草,35.176559999999995,137.106309,1371063.09,-351765.6
195,1200,5676,大曽根,35.191863,136.93743899999998,1369374.39,-351918.63
195,1200,94,ナゴヤドーム前矢田,35.190228999999995,136.947431,1369474.31,-351902.29
195,1200,2812,砂田橋,35.188784999999996,136.954388,1369543.88,-351887.85
195,1200,9603,守山（愛知県）,35.197305,136.956554,1369565.54,-351973.05
195,1200,9604,金屋（愛知県）,35.202504,136.95672,1369567.2,-352025.04
195,1200,9605,川宮,35.210269,136.962022,1369620.22,-352102.68999999994
195,1200,9606,川村（愛知県）,35.214174,136.968639,1369686.39,-352141.74
195,1200,9607,白沢渓谷,35.215956,136.978511,1369785.1099999999,-352159.56
195,1200,9608,小幡緑地,35.218794,136.98285800000002,1369828.5800000003,-352187.94
